"PlayerName","NFBC_ADP","playerid"
"Trea Turner",1.15,"16252"
"Fernando Tatis Jr.",2.46,"19709"
"Jose Ramirez",3.23,NA
"Bo Bichette",4.54,"19612"
"Juan Soto",5.46,"20123"
"Gerrit Cole",5.54,"13125"
"Vladimir Guerrero Jr.",6.54,"19611"
"Corbin Burnes",8.38,"19361"
"Ronald Acuna Jr.",9.23,NA
"Kyle Tucker",10.69,"18345"
"Bryce Harper",11,"11579"
"Shohei Ohtani",11.23,"19755"
"Shohei Ohtani",11.23,"19755"
"Mookie Betts",15.85,"13611"
"Luis Robert",15.85,"20043"
"Ozzie Albies",16.46,"16556"
"Brandon Woodruff",17.77,"16162"
"Max Scherzer",17.85,"3137"
"Walker Buehler",18.08,"19374"
"Rafael Devers",18.62,"17350"
"Mike Trout",19,"10155"
"Zack Wheeler",20.08,"10310"
"Freddie Freeman",22.77,"5361"
"Jacob deGrom",23.15,"10954"
"Manny Machado",23.46,"11493"
"Starling Marte",25,"9241"
"Liam Hendriks",25.62,"3548"
"Josh Hader",26.92,"14212"
"Shane Bieber",30.62,"19427"
"Whit Merrifield",31.85,"11281"
"Tim Anderson",32.46,"15172"
"Teoscar Hernandez",33.31,NA
"Julio Urias",33.38,NA
"Yordan Alvarez",33.62,"19556"
"Cedric Mullins",34.08,"17929"
"Cedric Mullins",34.08,"17929"
"Aaron Nola",34.38,"16149"
"Trevor Story",34.46,"12564"
"Raisel Iglesias",36,"17130"
"Sandy Alcantara",37.31,"18684"
"Salvador Perez",38,"7304"
"Marcus Semien",40.54,"12533"
"Lucas Giolito",41.38,"15474"
"Emmanuel Clase",43.54,"21032"
"Aaron Judge",44.92,"15640"
"Ryan Pressly",46.85,"7005"
"Freddy Peralta",47.08,"18679"
"Francisco Lindor",47.08,"12916"
"Francisco Lindor",47.08,"12916"
"Edwin Diaz",48.08,NA
"Tyler O'Neill",48.23,"15711"
"Xander Bogaerts",48.31,"12161"
"Robbie Ray",48.46,"11486"
"Adalberto Mondesi",50.31,"13769"
"Chris Sale",51.31,"10603"
"J.T. Realmuto",51.85,"11739"
"Matt Olson",51.92,"14344"
"Byron Buxton",52.46,"14161"
"Randy Arozarena",58.54,"19290"
"Aroldis Chapman",59.69,"10233"
"Javier Baez",59.69,NA
"Paul Goldschmidt",61,"9218"
"Pete Alonso",63.08,"19251"
"Austin Riley",63.85,"18360"
"Will Smith",64.15,NA
"Max Fried",64.77,"13743"
"Wander Franco",64.77,"23667"
"Logan Webb",66.38,"17995"
"Nick Castellanos",67.08,"11737"
"Nick Castellanos",67.08,"11737"
"Will Smith",67.15,NA
"Kenley Jansen",67.54,"3096"
"Lance Lynn",67.69,"2520"
"Jazz Chisholm Jr.",70.54,"20454"
"Jazz Chisholm Jr.",70.54,"20454"
"Dylan Cease",70.92,"18525"
"Joe Musgrove",71.77,"12970"
"Jordan Romano",72.46,"16122"
"Kevin Gausman",73.15,"14107"
"George Springer",74,"12856"
"Eloy Jimenez",74.77,NA
"Brandon Lowe",78.23,"18882"
"Jorge Polanco",78.38,"13152"
"Jose Berrios",79.23,NA
"Jack Flaherty",79.46,"17479"
"Tommy Edman",80.69,"19470"
"Jose Altuve",81.62,"5417"
"Nolan Arenado",82.23,"9777"
"Giovanny Gallegos",82.54,"14986"
"Corey Seager",84.85,"13624"
"Trevor Rogers",84.85,"22286"
"Jonathan India",84.92,"21523"
"Frankie Montas",85.85,"14309"
"Ketel Marte",87.08,"13613"
"Bobby Witt Jr.",91,"sa3011225"
"Jose Abreu",92.31,NA
"Luis Castillo",93.38,"15689"
"Yu Darvish",93.38,"13074"
"J.D. Martinez",93.54,"6184"
"Bryan Reynolds",94.85,"19326"
"Charlie Morton",95.31,"4676"
"Cody Bellinger",97.92,"15998"
"Alex Bregman",97.92,"17678"
"Justin Verlander",98.38,"8700"
"Alek Manoah",98.54,"26410"
"Daulton Varsho",100.38,"19918"
"Christian Yelich",100.92,"11477"
"Kris Bryant",105,"15429"
"Shane McClanahan",105.69,"21483"
"Carlos Correa",106.46,"14162"
"Blake Snell",109.08,"13543"
"Yasmani Grandal",109.23,"11368"
"Giancarlo Stanton",112.31,"4949"
"Jesse Winker",112.31,"13590"
"Craig Kimbrel",112.46,"6655"
"Myles Straw",113.62,"17620"
"Ryan Mountcastle",113.62,"18373"
"Anthony Rendon",115.15,"12861"
"Willson Contreras",116.08,"11609"
"Mark Melancon",116.77,"4264"
"Dansby Swanson",116.85,"18314"
"Nathan Eovaldi",118.92,"9132"
"DJ LeMahieu",121.15,"9874"
"Shane Baz",123.46,"22264"
"Trent Grisham",124.62,"18564"
"Willy Adames",125.31,"15986"
"Zac Gallen",126.38,"19291"
"Jared Walsh",126.62,"18607"
"Mitch Haniger",126.77,"14274"
"Jake Cronenworth",126.92,"18036"
"Josh Bell",128.54,"13145"
"C.J. Cron",129.31,"12546"
"Ke'Bryan Hayes",129.92,"18577"
"Tyler Mahle",130,"16358"
"Corey Knebel",130.46,"15010"
"Kyle Schwarber",130.85,"16478"
"Kyle Schwarber",130.85,"16478"
"Chris Bassitt",132.08,"12304"
"Sean Manaea",133.15,"15873"
"Chris Taylor",133.77,"13757"
"Franmil Reyes",136.77,"14566"
"Jarred Kelenic",137.31,"22558"
"Rhys Hoskins",137.46,"16472"
"Carlos Rodon",138.77,NA
"Akil Baddoo",139.85,"22168"
"Pablo Lopez",141.92,NA
"Lourdes Gurriel Jr.",142.54,"19238"
"Framber Valdez",142.92,"17295"
"Amed Rosario",143.38,"15518"
"Amed Rosario",143.38,"15518"
"Gleyber Torres",143.54,"16997"
"Luis Garcia",145.15,NA
"Blake Treinen",145.92,"12572"
"Logan Gilbert",146.08,"22250"
"Joey Votto",147,"4314"
"Scott Barlow",148.69,"14993"
"Camilo Doval",149.54,"21992"
"Ty France",150.62,"17982"
"Eduardo Rodriguez",150.77,"13164"
"Luis Urias",151.31,NA
"Yoan Moncada",156.62,NA
"Tyler Stephenson",158.38,"17988"
"Ian Anderson",158.46,"19951"
"Austin Meadows",160.15,"15672"
"Michael Kopech",161.23,"17282"
"Taylor Rogers",162.77,"13449"
"Keibert Ruiz",163.54,"19610"
"Alex Verdugo",163.69,"17027"
"Ryan McMahon",164,"15112"
"Avisail Garcia",164.23,NA
"Eddie Rosario",164.54,"12155"
"Gregory Soto",164.92,"19677"
"Sonny Gray",165.15,"12768"
"Hunter Renfroe",165.31,"15464"
"Max Muncy",166,"13301"
"David Bednar",166.62,"19569"
"Justin Turner",169.38,"5235"
"Ranger Suarez",171.23,NA
"Robbie Grossman",171.31,"5254"
"Robbie Grossman",171.31,"5254"
"Kolten Wong",172.62,"12532"
"Brendan Rodgers",174.15,"17907"
"Lance McCullers Jr.",176.23,"14120"
"Dylan Carlson",176.62,"20126"
"Clayton Kershaw",178.23,"2036"
"Andrew Benintendi",178.77,"17901"
"Jean Segura",180.08,"5933"
"Adolis Garcia",180.62,NA
"Luis Severino",182.23,"15890"
"Tarik Skubal",183,"22267"
"Anthony Rizzo",184.85,"3473"
"Ian Happ",187.46,"17919"
"Marcus Stroman",188.08,"13431"
"Matt Chapman",188.62,"16505"
"Joey Gallo",194,"14128"
"Nelson Cruz",194.38,"2434"
"Trey Mancini",194.54,"15149"
"Patrick Sandoval",195.46,"19447"
"Marcell Ozuna",195.69,"10324"
"Alex Kirilloff",196,"20325"
"Mitch Garver",196.23,"15161"
"Lucas Sims",197.31,"13470"
"Michael Conforto",197.62,"16376"
"Tanner Houck",198.23,"19879"
"Jordan Montgomery",201.15,"16511"
"Jonathan Schoop",201.31,"11265"
"Hyun Jin Ryu",203.08,"14444"
"Jorge Soler",203.15,"14221"
"Joe Barlow",203.62,"22296"
"Mike Clevinger",204.08,"12808"
"Eugenio Suarez",205.54,NA
"Seiya Suzuki",206.62,"sa3018052"
"Josh Donaldson",207.31,"5038"
"Yuli Gurriel",207.31,"19198"
"Eduardo Escobar",207.38,"6153"
"Adley Rutschman",207.62,"sa3011643"
"Dylan Floro",208.15,"13394"
"Brandon Crawford",209.69,"5343"
"Oneil Cruz",210.38,"21711"
"AJ Pollock",211.46,"9256"
"AJ Pollock",211.46,"9256"
"Jeimer Candelario",215.77,"13621"
"Alex Wood",216.23,"13781"
"Adam Wainwright",216.62,"2233"
"Harrison Bader",217.23,"18030"
"Joe Ryan",220.15,"21390"
"Anthony DeSclafani",220.38,"13050"
"Brandon Belt",220.69,"10264"
"John Means",222.38,"16269"
"Garrett Whitlock",224,"20191"
"Bobby Dalbec",224.69,"19966"
"Jose Urquidy",225.85,NA
"Enrique Hernandez",225.85,NA
"Triston McKenzie",226.92,"18000"
"Jesus Sanchez",227.23,NA
"Nathaniel Lowe",227.23,"19566"
"Josh Rojas",227.69,"19734"
"Austin Hays",227.85,"19363"
"Christian Vazquez",228,NA
"Alex Cobb",228.23,"6562"
"Gavin Lux",228.69,"19955"
"Ramon Laureano",229.38,NA
"Nicky Lopez",231.77,"19339"
"Alejandro Kirk",232.38,"22581"
"Travis d'Arnaud",236.62,"7739"
"Adam Duvall",236.62,"10950"
"Frank Schwindel",237.69,"15351"
"Noah Syndergaard",238.38,"11762"
"Charlie Blackmon",238.77,"7859"
"Huascar Ynoa",240.92,"20468"
"Tommy Pham",243.31,"2967"
"Jo Adell",244.62,"20220"
"Jon Gray",246.92,"14916"
"Andres Gimenez",247,NA
"Lou Trivino",247.46,"15043"
"Lane Thomas",247.92,"16939"
"Trevor Bauer",248.62,"12703"
"Steven Matz",249.23,"13361"
"Michael Brantley",249.69,"4106"
"Bailey Ober",250.92,"21224"
"Sean Murphy",253.15,"19352"
"Elias Diaz",253.46,NA
"Raimel Tapia",253.92,"14350"
"Miguel Sano",254.69,NA
"Jake McGee",254.77,"7550"
"Andrew Vaughn",257.08,"26197"
"Abraham Toro",259,"19844"
"Andrew Kittredge",259.38,"12828"
"Garrett Hampson",260.62,"19262"
"Matt Barnes",261.23,"12863"
"Gary Sanchez",263.62,NA
"Jonathan Villar",264.92,"10071"
"Spencer Torkelson",266.23,NA
"Anthony Santander",267.69,"14551"
"Mark Canha",268.31,"11445"
"Omar Narvaez",271.85,NA
"Josiah Gray",272.77,"24580"
"Luke Voit",273.31,"14811"
"Drew Rasmussen",273.46,"25385"
"Wil Myers",273.85,"10047"
"Max Kepler",275.38,"12144"
"Aaron Ashby",275.46,"23550"
"Casey Mize",276.85,"20492"
"Julio Rodriguez",276.92,NA
"Cal Quantrill",277.54,"19312"
"German Marquez",280,NA
"Aaron Civale",280.23,"19479"
"Andrew Heaney",280.31,"15423"
"Carson Kelly",281.08,"13620"
"Mike Zunino",283.85,"13265"
"Jesus Aguilar",283.92,NA
"Mike Yastrzemski",284.62,"14854"
"Carlos Carrasco",284.77,"6632"
"Brandon Nimmo",284.77,"12927"
"Kyle Hendricks",285.15,"12049"
"Cavan Biggio",286,"19252"
"Ken Giles",287.38,"12910"
"Rowan Wick",289.08,"14646"
"Nick Madrigal",289.77,"20521"
"Gio Urshela",290.31,"10681"
"Gio Urshela",290.31,"10681"
"Josh Jung",291.23,NA
"Max Stassi",292.69,"10059"
"Jesus Luzardo",293.46,NA
"Devin Williams",293.62,"15816"
"Alec Bohm",294.38,"21618"
"Jameson Taillon",294.69,"11674"
"Rowdy Tellez",295.23,"15679"
"Riley Greene",296.54,"sa3010694"
"Paul Sewald",300.23,"13892"
"Luis Patino",301.77,NA
"Danny Jansen",302.23,"16535"
"Luis Arraez",302.92,"18568"
"Ian Kennedy",304.38,"6986"
"Rafael Ortega",304.54,"10323"
"Tylor Megill",306.31,"21318"
"LaMonte Wade Jr.",306.69,"18126"
"Stephen Strasburg",306.92,"10131"
"Eric Lauer",307.85,"19316"
"Kyle Lewis",309,"19508"
"Yadier Molina",310.69,"7007"
"Joey Bart",311.77,"21524"
"Eric Haase",312.23,"14111"
"Eric Haase",312.23,"14111"
"Jeff McNeil",313.62,"15362"
"Tony Gonsolin",315.69,"19388"
"Cesar Hernandez",316.23,NA
"James McCann",318.15,"12859"
"J.P. Crawford",320.08,"15491"
"Manuel Margot",321.85,"14712"
"Cristian Javier",322,"17606"
"Yusei Kikuchi",322.92,"20633"
"Miguel Rojas",323.38,"7802"
"Brandon Marsh",323.46,"20202"
"Adam Frazier",324.15,"15223"
"Marco Gonzales",324.23,"15467"
"Connor Joe",325.69,"16572"
"Tyler Naquin",325.69,"13359"
"Yoshi Tsutsugo",326.31,"27459"
"Yoshi Tsutsugo",326.31,"27459"
"Michael Fulmer",326.85,"13218"
"Patrick Wisdom",327.69,"13602"
"Nick Pivetta",328.38,"15454"
"Elieser Hernandez",330.62,"16933"
"Vidal Brujan",330.77,NA
"Zach Plesac",335.62,"19979"
"Lorenzo Cain",336.08,"9077"
"David Fletcher",337,"17992"
"Eric Hosmer",338.69,"3516"
"Andrew McCutchen",340.08,"9847"
"Randal Grichuk",342.38,"10243"
"Zack Greinke",343.62,"1943"
"Hunter Dozier",344.38,"15117"
"Evan Longoria",344.92,"9368"
"Adbert Alzolay",345.31,"17859"
"Tanner Rainey",345.46,"17610"
"Mike Moustakas",345.77,"4892"
"Yandy Diaz",349.69,NA
"Austin Nola",350.15,"15941"
"Ha-Seong Kim",350.92,"27506"
"James Kaprielian",351.23,"18331"
"Joey Wendle",351.69,"13853"
"Taijuan Walker",353.69,"11836"
"Corey Kluber",354.77,"2429"
"Yan Gomes",356.54,"9627"
"Alex Reyes",359.54,"15015"
"Tyler Wells",359.92,"20000"
"Dominic Smith",360.08,"15653"
"Nestor Cortes Jr.",363.69,NA
"Jose Barrero",363.77,"23378"
"Jose Barrero",363.77,"23378"
"Kyle Finnegan",365.23,"15009"
"Josh Lowe",365.69,"19953"
"Isiah Kiner-Falefa",366.46,"16512"
"Sixto Sanchez",367.08,NA
"Kyle Gibson",367.69,"10123"
"Pavin Smith",369.77,"19892"
"Jarren Duran",370,"24617"
"Nick Solak",370.38,"19294"
"Jacob Stallings",372.08,"13723"
"Chris Paddack",374.38,"20099"
"Brian Anderson",375.15,"18289"
"Carlos Hernandez",377.15,NA
"Wilmer Flores",377.38,"5827"
"Willie Calhoun",377.46,"17838"
"Dane Dunning",378.23,"19409"
"Diego Castillo",378.46,"sa872839"
"Diego Castillo",378.46,"17496"
"Diego Castillo",378.46,"17496"
"Jorge Alcala",378.54,"19459"
"Josh Harrison",380.15,"8202"
"Jorge Alfaro",381.54,"12180"
"Tony Kemp",382.85,"14894"
"Sam Hilliard",384.15,"17954"
"Jose Miranda",384.85,NA
"Tyrone Taylor",386.15,"13675"
"Chad Green",388.08,"15552"
"Nico Hoerner",388.85,"21479"
"Brady Singer",390.23,"25377"
"Anthony Bender",390.54,"19742"
"Jonathan Loaisiga ",390.54,NA
"Domingo German",391,NA
"Chris Flexen",392.23,"13896"
"Chas McCormick",393.31,"19599"
"Tucker Barnhart",393.69,"10200"
"Victor Robles",395.23,"18363"
"Clint Frazier",395.54,"15983"
"Robert Suarez",396.69,"sa869798"
"Dinelson Lamet",397.31,"17186"
"Patrick Corbin",397.31,"9323"
"Dakota Hudson",399.38,"19206"
"Reid Detmers",399.38,"27468"
"Jorge Mateo",399.77,"17273"
"Carlos Estevez",401.62,NA
"Adrian Houser",403.85,"12718"
"Drew Steckenrider",404.08,"18806"
"Michael Pineda",404.69,"5372"
"Darin Ruf",405.69,"9929"
"Luis Torrens",408.62,"15905"
"Nick Senzel",409.92,"19293"
"Michael A. Taylor",410.62,"11489"
"J.D. Davis",411.92,"16219"
"Hunter Greene",412.08,"sa3005315"
"Pierce Johnson",412.46,"13435"
"Rich Hill",414.62,"4806"
"Paul DeJong",422.54,"18015"
"Keston Hiura",423.62,"20003"
"Roansy Contreras",425.08,"22810"
"Christian Walker",425.54,"13419"
"James Karinchak",426.23,"20151"
"Luke Weaver",426.77,"16918"
"Dylan Bundy",427.54,"12917"
"Didi Gregorius",428.85,"6012"
"Bradley Zimmer",429,"16221"
"Tyler Wade",429.15,"15730"
"Bobby Bradley",432.15,"17278"
"Mike Minor",432.92,"10021"
"Bryan De La Cruz",433,"19600"
"Kole Calhoun",434.15,"11200"
"MJ Melendez",435.23,"sa3004139"
"Wade Miley",437.23,"8779"
"Joc Pederson",438.15,"11899"
"Miles Mikolas",440.38,"9803"
"Jonah Heim",441,"16930"
"Alex Colome",445.31,NA
"Josh Staumont",445.62,"18335"
"Cole Sulser",446.15,"15256"
"Jeremy Pena",446.77,NA
"Gavin Sheets",446.92,"19901"
"Bryson Stott",447.31,"sa3011443"
"Dylan Moore",451.85,"18042"
"Edmundo Sosa",453.46,"17022"
"Carlos Santana",455.85,"2396"
"Leury Garcia",455.85,NA
"Trevor Rosenthal",460.62,"10745"
"Nate Pearson",462.38,"20160"
"Chris Stratton",462.69,"13761"
"Francisco Mejia",462.69,NA
"Ramon Urias",466.08,NA
"Michael Wacha",468.15,"14078"
"Art Warren",470.38,"18251"
"Grayson Rodriguez",472.38,"sa3008130"
"Garrett Cooper",472.69,"15279"
"Kyle Isbel",472.77,"21614"
"Madison Bumgarner",473.23,"5524"
"Rougned Odor",473.38,"12282"
"Tyler Beede",475.54,"16981"
"Nick Martinez",476.31,NA
"Luis Garcia",477.46,NA
"Seth Brown",479.23,"18171"
"David Peralta",479.77,"2136"
"Santiago Espinal",480.46,"19997"
"Edward Cabrera",484.69,"21690"
"Juan Yepez",486.15,NA
"JT Brubaker",489.38,"17578"
"Robinson Cano",489.54,NA
"Zach Thompson",490.23,"16094"
"Carter Kieboom",493.08,"19958"
"Aaron Hicks",494.38,"5297"
"Ryan Jeffers",496.15,"24618"
"Luis Gil",497.54,"21052"
"Leody Taveras",499.69,"18900"
"Tommy La Stella",500,"12371"
"Jurickson Profar",500.15,"10815"
"Merrill Kelly",501.62,"11156"
"Brad Hand",501.85,"9111"
"Pedro Severino",503.92,"14523"
"Zach Eflin",506.54,"13774"
"Codi Heuer",506.92,"23293"
"Ryan Yarbrough",507.54,"16502"
"Miguel Cabrera",510.46,"1744"
"Edwin Rios",510.69,NA
"Kris Bubic",511.23,"21455"
"Jake Odorizzi",512.85,"6397"
"Anthony Alford",515.31,"14329"
"Gabriel Moreno",520.08,"sa3003226"
"Max Meyer",521.38,"sa3014430"
"Triston Casas",522.15,NA
"Nick Pratto",522.15,NA
"Brad Boxberger",522.46,"10133"
"Nick Gordon",522.46,"16337"
"Nolan Gorman",523.23,NA
"Tom Murphy",524.85,"13499"
"Mitch Keller",525.23,"17594"
"Matt Manning",527.08,"20369"
"Pete Fairbanks",527.69,"17998"
"Pete Fairbanks",527.69,"17998"
"Jace Peterson",528.69,"12325"
"Jose Suarez",528.85,NA
"Kyle Farmer",529.46,"14813"
"Steven Kwan",529.69,"sa3008536"
"Roberto Perez",533.23,NA
"Nick Ahmed",534.69,"12147"
"Matt Vierling",535.77,"21558"
"Harold Ramirez",538.08,"14387"
"Daniel Lynch",538.23,"21537"
"Aledmys Diaz",539.77,NA
"Willi Castro",541.38,"17338"
"Jose Siri",543.69,"17452"
"Reiver Sanmartin",544.08,"19754"
"Hector Neris",544.46,NA
"Reynaldo Lopez",547.92,NA
"Chad Pinder",548.62,"15191"
"Cole Irvin",549.85,"19244"
"Jake Meyers",551.54,"20308"
"Yadiel Hernandez",551.62,"19334"
"Jose Quintana",552,NA
"Michael Chavis",552.92,"17321"
"Brad Miller",553.54,"12775"
"Jordan Hicks",553.62,"19618"
"Nick Lodolo",554.38,"sa917947"
"Andy Ibanez",554.62,NA
"Collin McHugh",555.15,"7531"
"Michael Lorenzen",555.54,"14843"
"Richard Rodriguez",556.23,NA
"Austin Gomber",556.38,"16561"
"Elvis Andrus",557.08,"8709"
"Tyler Rogers",558.92,"15541"
"Lewin Diaz",559.23,NA
"Ji-Man Choi",559.77,"5452"
"Trevor Larnach",560.77,"21501"
"Oscar Mercado",560.77,"16375"
"Garrett Crochet",560.85,"27463"
"Tyler Anderson",561.23,"12880"
"Spencer Howard",563,"23252"
"Cal Raleigh",565.92,"21534"
"Manny Pina",567.08,NA
"Taylor Walls",567.62,"22458"
"David Peterson",569,"20302"
"Brennen Davis",569.62,"sa3007876"
"Martin Maldonado",569.69,NA
"Kyle Muller",573.69,"20167"
"Ben Gamel",575.15,"12160"
"Glenn Otto",575.23,"21366"
"Kevin Kiermaier",575.38,"11038"
"Ryan Tepera",576.69,"10291"
"Kendall Graveman",577.15,"15514"
"A.J. Puk",577.46,"19343"
"Erick Fedde",578.23,"17425"
"Trevor May",580.69,"6398"
"Austin Slater",580.77,"16153"
"Ross Stripling",582.08,"13273"
"Daniel Hudson",582.38,"7146"
"Vladimir Gutierrez",582.77,"19278"
"Cody Morris",583.77,"sa3008653"
"Taylor Hearn",584,"18325"
"Justin Upton",584.38,"5222"
"Justin Dunn",585.23,"19268"
"Niko Goodrum",586.15,"12092"
"Seth Beer",586.38,"20493"
"Brad Keller",586.46,"15734"
"Edward Olivares",586.46,"19698"
"David Price",587.85,"3184"
"Kyle Freeland",588.15,"16256"
"Alek Thomas",588.54,"sa3006892"
"Tucker Davidson",588.77,"19871"
"Mike Soroka",588.92,"18383"
"Jackie Bradley Jr.",589.23,"12984"
"Jose Trevino",589.69,"16725"
"Tyler Matzek",591.38,"10058"
"Cade Cavalli",591.46,"sa3014421"
"Lars Nootbaar",591.77,"21454"
"Dallas Keuchel",592.08,"9434"
"Victor Caratini",592.31,"14968"
"Victor Caratini",592.31,"14968"
"Dan Straily",598.15,"9460"
"Luis Campusano",598.15,"22217"
"Sam Huff",600.46,"22209"
"Sam Huff",600.46,"22209"
"Matt Duffy",600.54,"13836"
"Drew Smyly",601.69,"11760"
"Jon Berti",602.85,"12037"
"Dom Nunez",603,NA
"Andres Munoz",603.23,NA
"Tyler Alexander",603.62,"17735"
"Alcides Escobar",603.77,"6310"
"Matt Beaty",604.15,"17710"
"Jordan Lyles",605.62,"7593"
"Kevin Plawecki",606.85,"13807"
"Victor Reyes",606.92,"15487"
"Antonio Senzatela",608.54,"15488"
"Kyle Higashioka",610.31,"5517"
"Sammy Long",610.77,"25379"
"Jake Fraley",612.31,"19260"
"Jose Iglesias",613,NA
"Josh Naylor",613.77,"18839"
"Daniel Bard",616.85,"7115"
"Austin Hedges",617.23,"12976"
"Cole Tucker",617.69,"17326"
"Kwang Hyun Kim",619.08,"27458"
"Adam Engel",620,"15082"
"Julian Merryweather",621.31,"16703"
"Matt Brash",622.23,"sa3010616"
"Matt Thaiss",625.77,"19318"
"Yimi Garcia",626.54,NA
"George Kirby",627,"sa3011526"
"Danny Duffy",627.62,"3542"
"Curt Casali",628.77,"12510"
"Curt Casali",628.77,"12510"
"Odubel Herrera",628.85,NA
"Kevin Newman",631.38,"17696"
"Jose Alvarado",633,NA
"Mike Brosseau",634.31,"19683"
"Tyler Duffey",634.46,"13758"
"Brett Phillips",635.85,"14735"
"Caleb Smith",636.69,"14875"
"Luis Garcia",636.85,NA
"Zach McKinstry",637.15,"19392"
"Brusdar Graterol",637.31,"20367"
"Cristian Pache",637.92,"19948"
"Eli Morgan",638.85,"20203"
"Colin Moran",639.23,"16909"
"Emilio Pagan",639.31,NA
"Mitch White",639.62,"19225"
"Kyle Wright",640.38,"19665"
"Griffin Canning",641.23,"19867"
"Robert Stephenson",641.31,"13594"
"Yu Chang",641.31,"14773"
"Jake Burger",641.85,"22275"
"Josh VanMeter",642.54,"15170"
"CJ Abrams",643.23,"sa3010152"
"Brent Suter",646.62,"13942"
"Daulton Jefferies",647.15,"19345"
"Colton Welker",647.85,"19961"
"Austin Barnes",648.62,"12158"
"William Contreras",650.08,"20503"
"Mauricio Dubon",650.46,NA
"A.J. Alexy",651.08,"22343"
"Cole Winn",651.62,"sa3008662"
"Corey Dickerson",652.15,"10762"
"Bailey Falter",652.69,"20070"
"Jason Castro",653.77,"8722"
"Christian Arroyo",655.54,"16434"
"Dylan Coleman",656.31,"22276"
"Justin Steele",656.85,"17312"
"MacKenzie Gore",657.08,"sa3005068"
"Miguel Andujar",658.92,NA
"Matt Liberatore",660.08,NA
"Drew Pomeranz",661.15,"11426"
"Aristides Aquino",661.38,"15482"
"Jed Lowrie",663.46,"4418"
"Mike Mayers",663.92,"15451"
"Aaron Bummer",665.85,"16258"
"Stephen Piscotty",666.77,"13367"
"Travis Swaggerty",667.08,"sa3007512"
"Riley Adams",667.77,"19864"
"Andrelton Simmons",668,"10847"
"Tommy Romero",671.46,"sa3004469"
"Paolo Espino",671.85,"8246"
"Greg Allen",672.54,"16623"
"Greg Allen",672.54,"16623"
"Steven Duggar",672.77,"17719"
"Jackson Kowar",673.15,"21549"
"Luke Jackson",674.46,"11752"
"James Paxton",675.23,"11828"
"Seth Lugo",675.62,"12447"
"Maikel Franco",678.08,"12179"
"Kevin Pillar",679.54,"12434"
"Ryan Weathers",679.77,"23796"
"Daz Cameron",680.23,"18353"
"Alec Mills",680.92,"13834"
"Johnny Cueto",681,"6893"
"Nolan Jones",681.46,NA
"Aaron Loup",681.77,"10343"
"Luis Cessa",681.77,"13345"
"Nick Fortes",681.85,"21538"
"Jason Heyward",682.31,"4940"
"Brent Honeywell Jr.",682.46,"16466"
"Kirby Yates",685,"9073"
"Dustin May",686.92,"19716"
"Yonny Hernandez",687.46,"19432"
"Alex Vesia",688.54,"25007"
"Geraldo Perdomo",689,"22799"
"Mychal Givens",689.54,"10430"
"Andrew Knizner",690,"19514"
"Wil Crowe",691.54,"19800"
"Jake Cousins",692,"21620"
"Phil Gosselin",693.54,"10953"
"Jake McCarthy",695.15,"21622"
"Deivi Garcia",695.92,NA
"Amir Garrett",696.08,"14375"
"David Dahl",696.31,"13744"
"Brent Rooker",696.54,"19627"
"Bruce Zimmermann",698.46,"20370"
"J.P. Feyereisen",699.69,"16610"
"Touki Toussaint",700.23,"16929"
"Vinnie Pasquantino",700.54,NA
"Andrew Chafin",700.69,"12988"
"Thairo Estrada",701.08,"16426"
"Bryse Wilson",701.08,"19990"
"Austin Allen",701.23,"18083"
"Matthew Boyd",702.46,"15440"
"Randy Dobnak",702.77,"23798"
"David Bote",702.92,"14593"
"Joan Adon",703,"22925"
"Royce Lewis",705,"sa3004259"
"Zack Collins",705.23,"19181"
"Donovan Solano",705.38,"8623"
"Trevor Richards",705.54,"19309"
"Ryne Stanek",706.08,"15947"
"Tony Santillan",706.54,"19926"
"Clarke Schmidt",707.08,"19899"
"Michael King",707.08,"19853"
"Dillon Peters",708.62,"18790"
"Luis Rengifo",708.92,"19858"
"Evan White",709,"20078"
"Jake Diekman",713.15,"5003"
"Zach Davies",713.62,"13183"
"Joe Ross",717.08,"12972"
"Corbin Martin",717.38,"19884"
"Clay Holmes",717.85,"13649"
"Yonathan Daza",718.08,"15794"
"Austin Martin",718.15,"sa3014454"
"Kevin Smith",718.38,"20242"
"Taylor Ward",718.85,"17548"
"Jordan Luplow",719,"16424"
"J.A. Happ",719.15,"7410"
"Isaac Paredes",719.85,"20036"
"Tyler Gilbert",719.92,"17964"
"Alex Dickerson",720,"12649"
"Jose Leclerc",720.38,NA
"Brooks Raley",721.15,"10061"
"Adam Ottavino",721.23,"1247"
"Kelvin Gutierrez",721.31,"17468"
"Demarcus Evans",721.62,"21087"
"Josh Fleming",722.08,"20418"
"Genesis Cabrera",722.31,NA
"Miguel Yajure",722.46,"21111"
"Domingo Acevedo",722.69,"17092"
"Reese McGuire",723.85,"15674"
"Tanner Scott",724.31,"17586"
"Elehuris Montero",725,NA
"Keegan Akin",725.15,"19362"
"Daniel Vogelbach",725.38,"14130"
"Heliot Ramos",725.38,"sa3004693"
"Spencer Strider",726,"27498"
"Jordan Balazovic",727.69,"sa918017"
"Brandon Williamson",727.92,"sa3011494"
"Drew Waters",728.38,"sa3004378"
"Jeter Downs",728.85,"sa3004615"
"Spencer Patton",729.15,"12361"
"DJ Stewart",729.62,"17766"
"DJ Stewart",729.62,"17766"
"Austin Adams",730.46,"13801"
"TJ Friedl",731.69,"19522"
"Yermin Mercedes",731.85,NA
"Roberto Osuna",731.92,NA
"Zac Lowther",732,"20243"
"Deolis Guerra",732.15,"8410"
"Justus Sheffield",732.23,"17285"
"Garrett Richards",732.62,"9784"
"Ryan Vilade",732.77,"22165"
"Taylor Trammell",732.92,"19960"
"Yonny Chirinos",733,"16401"
"Kolby Allard",733.69,"18694"
"Yoelkis Cespedes",733.92,NA
"Eric Thames",734.15,"3711"
"Miguel Vargas",734.62,NA
"Phil Maton",734.77,"18064"
"Travis Shaw",735.23,"11982"
"Joe Kelly",735.23,"9761"
"Johan Camargo",735.31,"14950"
"Taylor Widener",735.31,"19266"
"Chris Archer",735.31,"6345"
"Asdrubal Cabrera",735.77,NA
"Caleb Kilian",735.77,"sa3011773"
"Hoy Park",735.85,"18027"
"Hansel Robles",736.23,"11801"
"Jovani Moran",736.31,"20422"
"Daniel Ponce de Leon",737.31,"16110"
"Richie Palacios",737.46,NA
"Craig Stammen",738.08,"7274"
"JJ Bleday",738.77,"sa3011642"
"Logan T. Allen",738.77,NA
"Travis Demeritte",738.92,"15958"
"Sergio Alcantara",739.23,NA
"Shea Langeliers",739.69,"sa3010329"
"Harold Castro",740.08,"14691"
"Brendon Davis",740.46,"sa875089"
"Ethan Small",740.54,"sa3011621"
"Oswald Peraza",740.62,"sa3003305"
"Anthony Bass",741,"7982"
"Casey Sadler",741,"11209"
"D.L. Hall",741,"sa3005282"
"Bobby Miller",741.15,NA
"Scott Kingery",741.31,"17975"
"Jake Brentz",741.46,"17783"
"Matt Wisler",741.46,"12804"
"Carlos Martinez",742.23,NA
"Connor Brogdon",742.38,"21205"
"Dillon Tate",742.38,"17796"
"Josh James",742.62,"16794"
"Nelson Velazquez",742.77,"sa3005129"
"Trevor Williams",742.85,"16977"
"Gabriel Arias",742.92,"sa3004047"
"Albert Pujols",743,"1177"
"Hanser Alberto",743.38,"11902"
"Diego Castillo",743.46,"sa872839"
"Diego Castillo",743.46,"17496"
"Diego Castillo",743.46,"17496"
"Wily Peralta",743.62,"7738"
"Jack Mayfield",743.62,"15402"
"Johan Oviedo",743.85,"22487"
"Kurt Suzuki",743.85,"8259"
"Ryan Zimmerman",744,"4220"
"Tucupita Marcano",744,"22871"
"Thomas Hatch",744.46,"19264"
"Brendan Donovan",744.54,NA
"Pedro Leon",744.54,"sa3014838"
"Jalen Beeks",744.62,"17192"
"Erik Swanson",744.62,"16587"
"Lewis Brinson",744.77,"14352"
"Kervin Castro",745,"21656"
"Josh Sborz",745.15,"18323"
"Tomas Nido",745.23,NA
"Martin Perez",745.23,NA
"Skye Bolt",745.31,"17723"
"Francisco Perez",745.38,"21018"
"Jeurys Familia",745.46,"5114"
"Seranthony Dominguez",745.54,NA
"Max Schrock",745.54,"17750"
"Romy Gonzalez",745.62,"21562"
"Adam Haseley",745.92,"19878"
"Isan Diaz",745.92,NA
"J.B. Wendelken",746,"14506"
"Starlin Castro",746.08,"4579"
"Cooper Hummel",746.08,"sa918412"
"Wilson Ramos",746.15,"1433"
"A.J. Minter",746.15,"18655"
"J.B. Bukauskas",746.23,"20491"
"Hans Crouse",746.38,"22192"
"Jake Bauers",746.38,"15194"
"Brandon Bielak",746.38,"19866"
"Freddy Galvis",746.54,"6609"
"David Robertson",746.54,"8241"
"Vince Velasquez",746.85,"11189"
"Brett Anderson",746.92,"8223"
"Joshua Fuentes",746.92,"16885"
"Alex Jackson",747.08,"17276"
"Orlando Arcia",747.08,"13185"
"Tim Mayza",747.15,"15042"
"John Nogowski",747.15,"16852"
"Michael Busch",747.31,NA
"Phil Bickford",747.31,"18519"
"Scott Effross",747.46,"18384"
"Mark Vientos",747.77,NA
"Estevan Florial",747.85,"19151"
"Jose Cisnero",748.08,NA
"Alex Lange",748.08,"19883"
"Ender Inciarte",748.46,"4922"
"Mason Thompson",748.62,"21850"
"Peter Solomon",748.62,"20476"
"Sandy Leon",748.69,NA
"Peyton Battenfield",748.69,NA
"Jake Woodford",748.92,"18674"
"Josh Winder",748.92,"sa3007993"
"Franchy Cordero",749.08,"14567"
"Griffin Jax",749.08,"20253"
"Colin Poche",749.15,"19403"
"Charlie Culberson",749.15,"3298"
"Michael Stefanic",749.15,"sa3008479"
"Ryan Pepiot",749.15,"sa3011244"
"Caleb Thielbar",749.23,"10078"
"Jared Oliva",749.46,"19968"
"Hunter Harvey",749.46,"15507"
"Francisco Alvarez",749.54,NA
"Adrian Morejon",749.54,"20039"
"Chris Owings",749.54,"10030"
"Lucas Luetge",749.62,"8337"
"Jorge Lopez",749.62,NA
"Braxton Garrett",749.69,"21844"
"Ryan Kreidler",749.69,"sa3010587"
"Owen Miller",749.69,"24655"
"Tommy Kahnle",749.77,"11384"
"Lewis Thorpe",749.85,"15906"
"Luis Barrera",749.92,"19615"
"Trevor Stephan",749.92,"19932"
"Jordan Groshans",750,"sa3006893"
"Colin Peluse",750,NA
"Chris Ellis",750,"16125"
"Brett Baty",750,NA
"Patrick Murphy",750,"19712"
"Brad Wieck",750.08,"16390"
"JT Chargois",750.08,"13767"
"Logan Allen",750.08,"18555"
"Taylor Jones",750.15,"19533"
"Ronald Torreyes",750.15,"11400"
"Simeon Woods-Richardson",750.23,NA
"Gregory Polanco",750.31,"12907"
"Dominic Leone",750.31,"13763"
"Archie Bradley",750.38,"12918"
"Derek Hill",750.46,"16947"
"Jharel Cotton",750.46,"13654"
"Sean Hjelle",750.62,"sa3007989"
"Josh Lindblom",750.62,NA
"Noe Ramirez",750.62,NA
"Ryan O'Hearn",750.69,"16442"
"Jose Rojas",750.69,"19331"
"Yusmeiro Petit",750.85,"4020"
"Jahmai Jones",750.92,"18872"
"Jon Heasley",750.92,"22224"
"Ronald Acuña Jr.",NA,"18401"
"José Ramírez",NA,"13510"
"Teoscar Hernández",NA,"13066"
"Javier Báez",NA,"12979"
"José Abreu",NA,"15676"
"Eloy Jiménez",NA,"17484"
"Adolis García",NA,"19287"
"Avisaíl García",NA,"5760"
"Will Smith (C)",NA,"19197"
"Will Smith (C)",NA,"19197"
"Will Smith (C)",NA,"19197"
"Will Smith (C)",NA,"19197"
"Miguel Sanó",NA,"12164"
"Yoán Moncada",NA,"17232"
"Ramón Laureano",NA,"17128"
"Enrique Hernández",NA,"10472"
"Enrique Hernández",NA,"10472"
"Eugenio Suárez",NA,"12552"
"Luis Urías",NA,"16622"
"Jesús Aguilar",NA,"11342"
"Jesús Sánchez",NA,"19913"
"Andrés Giménez",NA,"19950"
"Andrés Giménez",NA,"19950"
"César Hernández",NA,"10556"
"Yandy Díaz",NA,"16578"
"Leury García",NA,"5913"
"Juniel Querecuto",NA,"12140"
"Luis Garcia (2B)",NA,"20391"
"Luis Garcia (2B)",NA,"20391"
"Luis Garcia (2B)",NA,"20391"
"Luis Garcia (2B)",NA,"20391"
"Luis Garcia (2B)",NA,"20391"
"Luis Garcia (2B)",NA,"20391"
"José Iglesias",NA,"10231"
"Vidal Bruján",NA,"20536"
"Jeremy Peña",NA,"sa876320"
"Odúbel Herrera",NA,"11476"
"Christian Vázquez",NA,"9774"
"Gary Sánchez",NA,"11442"
"Ramón Urías",NA,"18795"
"Elias Díaz",NA,"11680"
"Omar Narváez",NA,"13338"
"Robinson Canó",NA,"3269"
"Lewin Díaz",NA,"18365"
"Jaycob Brugman",NA,"14936"
"Andy Ibáñez",NA,"18819"
"Aledmys Díaz",NA,"15937"
"Jared Hoying",NA,"10882"
"Buster Posey",NA,"9166"
"Allen Córdoba",NA,"15722"
"Alec Keller",NA,"sa829219"
"Alan Trejo",NA,"20056"
"Brett Gardner",NA,"9927"
"Julio Rodríguez",NA,"sa3005720"
"Mitch Moreland",NA,"3086"
"Dexter Fowler",NA,"4062"
"Nomar Mazara",NA,"14553"
"Andrew Stevenson",NA,"17932"
"Danny Santana",NA,"10322"
"Arismendy Alcántara",NA,"10711"
"Miguel Andújar",NA,"15878"
"Mickey Moniak",NA,"19956"
"Shogo Akiyama",NA,"27461"
"Mauricio Dubón",NA,"16530"
"Yoenis Céspedes",NA,"13110"
"Asdrúbal Cabrera",NA,"4962"
"Francisco Mejía",NA,"16403"
"Francisco Mejía",NA,"16403"
"Luke Williams",NA,"19931"
"Tim Lopes",NA,"14137"
"Corey Bird",NA,"sa874209"
"Mylz Jones",NA,"sa875606"
"Kyle Stowers",NA,"sa1115829"
"Martín Maldonado",NA,"6887"
"Kyle Seager",NA,"9785"
"Tim Locastro",NA,"15124"
"Khris Davis",NA,"9112"
"Marwin Gonzalez",NA,"5497"
"Yairo Muñoz",NA,"16313"
"Ian Desmond",NA,"6885"
"Jay Bruce",NA,"9892"
"José Peraza",NA,"13593"
"Renato Núñez",NA,"14503"
"Ronald Guzmán",NA,"14388"
"Jake Marisnick",NA,"11339"
"Roberto Pérez",NA,"2900"
"Adam Eaton",NA,"11205"
"Mallex Smith",NA,"13608"
"Lorenzo Cedrola",NA,"sa872850"
"Nick Allen",NA,"sa3004723"
"Manny Piña",NA,"2829"
"Clay Dungan",NA,"sa1169803"
"Oswaldo Cabrera",NA,"sa916954"
"Jarrod Dyson",NA,"4866"
"Orlando Calixte",NA,"11905"
"Brock Holt",NA,"9345"
"Juan Lagares",NA,"5384"
"Ehire Adrianza",NA,"8418"
"Yohel Pozo",NA,"18848"
"Oscar Gonzalez",NA,"sa872782"
"Monte Harrison",NA,"17216"
"Shed Long Jr.",NA,"16542"
"Shed Long Jr.",NA,"16542"
"Danny Mendick",NA,"18889"
"Brian Goodwin",NA,"12858"
"Michael Hermosillo",NA,"16285"
"Tomás Telis",NA,"10067"
"Emmanuel Rivera",NA,"19890"
"Miles Mastrobuoni",NA,"sa918318"
"Ryan McBroom",NA,"16524"
"Doran Turchin",NA,"sa3006680"
"Jake Noll",NA,"19703"
"Brayan Rocchio",NA,"sa3005898"
"Sergio Alcántara",NA,"16417"
"Jose Rodriguez",NA,"sa3005788"
"Alfonso Rivas",NA,"21560"
"Bryan Lavastida",NA,"sa3006917"
"Alejo Lopez",NA,"21127"
"Yolbert Sanchez",NA,"sa3011471"
"Joe Panik",NA,"11936"
"Breyvic Valera",NA,"12758"
"Rob Refsnyder",NA,"13770"
"Sheldon Neuse",NA,"19635"
"Luke Raley",NA,"19354"
"Zach Reks",NA,"19667"
"Eric Campbell",NA,"6938"
"Brett Sullivan",NA,"sa857232"
"Josh Reddick",NA,"3892"
"José Marmolejos",NA,"15767"
"David Hamilton",NA,"sa3014434"
"Tyler Freeman",NA,"sa3004755"
"Guillermo Heredia",NA,"18721"
"Rodolfo Castro",NA,"21987"
"Matt Fraizer",NA,"sa918983"
"Abiatal Avelino",NA,"15496"
"Joey Wiemer",NA,"sa3014531"
"Ismael Munguia",NA,"sa917132"
"Travis Jankowski",NA,"13768"
"Xavier Edwards",NA,"sa3007018"
"Jordan Westburg",NA,"sa3014499"
"Christin Stewart",NA,"17714"
"Willians Astudillo",NA,"15608"
"Dominic Canzone",NA,"sa1115890"
"Dom Nuñez",NA,"15055"
"Alec Burleson",NA,"sa3014466"
"Andy Pages",NA,"sa3005625"
"Anthony Volpe",NA,"sa3010868"
"Will Brennan",NA,"sa3010039"
"BJ Boyd",NA,"sa657987"
"Eric Sogard",NA,"7927"
"Stone Garrett",NA,"sa829117"
"Matt Carpenter",NA,"8090"
"Ivan Castillo",NA,"15971"
"Matt Koperniak",NA,"sa3014834"
"Dairon Blanco",NA,"sa3005386"
"Luis Matos",NA,"sa3008756"
"Andrew Velazquez",NA,"14196"
"Luis Guillorme",NA,"16451"
"Cody Thomas",NA,"sa738459"
"George Valera",NA,"sa3006872"
"Wilmer Difo",NA,"14320"
"Vimael Machín",NA,"17684"
"José Azocar",NA,"sa735839"
"Brice Turang",NA,"sa3008294"
"Josh H. Smith",NA,"sa3011703"
"Jake Lamb",NA,"13329"
"Ian Miller",NA,"15156"
"Henry Ramos",NA,"11481"
"Edwin Ríos",NA,"18316"
"Dustin Peterson",NA,"15189"
"Yermín Mercedes",NA,"17423"
"Brian Miller",NA,"20047"
"Magneuris Sierra",NA,"17023"
"Tyler Nevin",NA,"17893"
"Forrest Wall",NA,"sa828682"
"Tyler White",NA,"15564"
"Donovan Walton",NA,"19314"
"Cal Mitchell",NA,"sa3004258"
"Michael Harris II",NA,"sa3010684"
"Ryan McKenna",NA,"19928"
"Pedro Castellanos",NA,"sa917074"
"Kyle Garlick",NA,"18063"
"Lolo Sanchez",NA,"sa917767"
"Curtis Terry",NA,"18881"
"Cole Freeman",NA,"sa915838"
"Devlin Granberg",NA,"sa3006671"
"Billy Hamilton",NA,"10199"
"Eli White",NA,"19346"
"Diego Rincones",NA,"sa916849"
"Stuart Fairchild",NA,"20321"
"Gilberto Celestino",NA,"20233"
"Ji-hwan Bae",NA,"sa3006895"
"Isan Díaz",NA,"17922"
"Brian Rey",NA,"sa3007307"
"Fabricio Macias",NA,"sa927338"
"Jake Cave",NA,"14477"
"Kerry Carpenter",NA,"sa3010689"
"Joey Meneses",NA,"sa604598"
"Tim Beckham",NA,"7949"
"Nick Loftin",NA,"sa3014511"
"Jose Fermin",NA,"sa917339"
"J.C. Correa",NA,"sa3014823"
"Matt Batten",NA,"sa3004179"
"Sócrates Brito",NA,"12944"
"Jordy Mercer",NA,"6547"
"Roman Quinn",NA,"13546"
"Mark Payton",NA,"16042"
"Mason Williams",NA,"11859"
"Andrew Toles",NA,"13414"
"Connor Marabell",NA,"sa858026"
"Norel Gonzalez",NA,"sa3014819"
"Kean Wong",NA,"15994"
"Rangel Ravelo",NA,"10839"
"Christian Colón",NA,"11145"
"Domingo Leyba",NA,"16404"
"Jamie Westbrook",NA,"sa737824"
"Cameron Cannon",NA,"sa3011467"
"Yainer Diaz",NA,"sa3003386"
"Ildemaro Vargas",NA,"13324"
"C.J. Hinojosa",NA,"sa658616"
"Ernie Clement",NA,"20352"
"Dee Strange-Gordon",NA,"8203"
"Jacob Hurtubise",NA,"sa3014820"
"Jason Krizan",NA,"sa546842"
"Donovan Casey",NA,"sa915654"
"Dustin Fowler",NA,"17098"
"Todd Frazier",NA,"785"
"Corban Joseph",NA,"5503"
"Delino DeShields",NA,"11379"
"Tomás Nido",NA,"13755"
"Logan O'Hoppe",NA,"sa3007519"
"Shay Whitcomb",NA,"sa3014948"
"Esteury Ruiz",NA,"sa917030"
"Brian O'Grady",NA,"16729"
"Brewer Hicklen",NA,"sa3004159"
"Hernán Pérez",NA,"5751"
"Roy Morales",NA,"sa829030"
"Brenton Doyle",NA,"sa3009965"
"Darius Hill",NA,"sa3010395"
"Robert Neustrom",NA,"sa3006667"
"C.J. Chatham",NA,"sa873984"
"Jaylin Davis",NA,"19552"
"Marty Costes",NA,"sa3006783"
"Delvin Pérez",NA,"sa917935"
"Bubba Thompson",NA,"sa3004140"
"Korey Lee",NA,"sa3010034"
"Taylor Snyder",NA,"sa738930"
"Trey Harris",NA,"sa3006876"
"Coco Montes",NA,"sa3006715"
"Aaron Altherr",NA,"11270"
"Eddys Leonard",NA,"sa3005554"
"Steven Souza Jr.",NA,"5667"
"David Freitas",NA,"10619"
"Jacob Robson",NA,"19528"
"Eliezer Alfonzo",NA,"sa3003262"
"Yonathan Perlaza",NA,"sa917302"
"Zach DeLoach",NA,"sa3014547"
"Scott Schreiber",NA,"sa3007637"
"Mitch Longo",NA,"sa874178"
"Ronaldo Hernández",NA,"sa881850"
"Pablo Reyes",NA,"16357"
"Abraham Almonte",NA,"5486"
"Chris Shaw",NA,"17738"
"Max Schuemann",NA,"sa3007511"
"Logan Morrison",NA,"9205"
"Johan Rojas",NA,"sa3005784"
"Austin Romine",NA,"5491"
"Nick Sogard",NA,"sa1169919"
"Jonathan Araúz",NA,"20275"
"Símon Muzziotti",NA,"sa917376"
"Jose Tena",NA,"sa3005482"
"Canaan Smith-Njigba",NA,"sa3004279"
"Carlos Pérez",NA,"10642"
"Jason Kipnis",NA,"9776"
"Charles Tilson",NA,"12983"
"Drew Ellis",NA,"19873"
"Johnny Rizer",NA,"sa1169761"
"Jake Elmore",NA,"7290"
"Khalil Lee",NA,"19952"
"Braden Bishop",NA,"17806"
"Eduardo Diaz",NA,"sa917182"
"Steele Walker",NA,"sa3008306"
"Bryce Johnson",NA,"sa3004753"
"Yoelqui Cespedes",NA,"sa3015137"
"Wilfredo Tovar",NA,"10416"
"Adrián Sanchez",NA,"11338"
"Jamie Ritchie",NA,"sa829058"
"Jack Suwinski",NA,"sa918314"
"Jacob Nottingham",NA,"16448"
"Patrick Kivlehan",NA,"13910"
"Taylor Kohlwey",NA,"sa918457"
"Matt Davidson",NA,"7226"
"Orlando Martinez",NA,"sa3006664"
"Michael Beltre",NA,"sa736945"
"Sean Bouchard",NA,"sa915652"
"Stephen Vogt",NA,"5000"
"Connor Scott",NA,"sa3008080"
"Jason Martin",NA,"16429"
"Grant Williams",NA,"sa3006724"
"Nathan Lukes",NA,"sa875215"
"Lucius Fox",NA,"sa914200"
"Justin Dean",NA,"sa3007070"
"Mikie Mahtook",NA,"13130"
"Cam Gallagher",NA,"12981"
"Noelvi Marte",NA,"sa3008745"
"Nick Maton",NA,"21635"
"Jack López",NA,"13663"
"Brett Auerbach",NA,"sa3014941"
"Daniel Palka",NA,"14897"
"Ruben Cardenas",NA,"sa3007505"
"Orelvis Martinez",NA,"sa3010692"
"Micker Adolfo",NA,"sa830303"
"Brandon Lockridge",NA,"sa3006856"
"Jameson Hannah",NA,"sa3007046"
"Zach Watson",NA,"sa3011258"
"Austin Dean",NA,"18288"
"Liover Peguero",NA,"sa3005582"
"Richard Ureña",NA,"16411"
"Marco Hernández",NA,"13154"
"Alfredo Rodriguez",NA,"sa922180"
"Rob Brantly",NA,"10655"
"Daniel Murphy",NA,"4316"
"Jedd Gyorko",NA,"10816"
"Christian Koss",NA,"sa3011227"
"Dillon Thomas",NA,"12719"
"Nick Dini",NA,"18206"
"Rafael Marchan",NA,"21646"
"Jesse Franklin V",NA,"sa3014532"
"Matt Lipka",NA,"sa548175"
"Carlos Pérez",NA,"sa828577"
"Cal Stevenson",NA,"sa3006871"
"Jake Mangum",NA,"sa3011255"
"Jason Vosler",NA,"16686"
"Terrin Vavra",NA,"sa3007643"
"Justin Smoak",NA,"9054"
"Corey Julks",NA,"sa913274"
"Alex Call",NA,"sa913343"
"Troy Johnston",NA,"sa3010899"
"Josh Palacios",NA,"19818"
"Scott Heineman",NA,"14453"
"Pat Valaika",NA,"14885"
"Daniel Robertson",NA,"14145"
"Rio Ruiz",NA,"14103"
"Andrew Young",NA,"19521"
"Jacob Rhinesmith",NA,"sa3006729"
"Erick Mejia",NA,"15817"
"Andrew Romine",NA,"1159"
"J.J. Matijevic",NA,"sa829488"
"Dominic Fletcher",NA,"sa1115778"
"Ryan LaMarre",NA,"10700"
"Conner Capel",NA,"sa918012"
"Trenton Brooks",NA,"sa873268"
"Albert Almora Jr.",NA,"14109"
"Ramón Flores",NA,"11165"
"Connor Wong",NA,"19896"
"Ryan Fitzgerald",NA,"sa3006218"
"Drew Avans",NA,"sa3006937"
"Jon Jay",NA,"5227"
"Jorge Bonifacio",NA,"12174"
"Lenyn Sosa",NA,"sa3004051"
"Trey Amburgey",NA,"18425"
"Bryson Brigman",NA,"sa829857"
"Ronny Mauricio",NA,"sa3006887"
"Nick Markakis",NA,"5930"
"Sandro Fabian",NA,"sa872803"
"Francisco Álvarez",NA,"sa3010862"
"Daniel Cabrera",NA,"sa3014452"
"Bligh Madris",NA,"sa3004165"
"Garrett Mitchell",NA,"sa3014438"
"Yorman Rodriguez",NA,"sa872817"
"Gerardo Parra",NA,"8553"
"Christopher Morel",NA,"sa3003171"
"Johneshwy Fargas",NA,"16446"
"Travis Snider",NA,"2830"
"Eddy Alvarez",NA,"16959"
"Brian Serven",NA,"sa857231"
"Freddy Fermin",NA,"sa918173"
"Mark Mathias",NA,"18032"
"Braden Shewmake",NA,"sa3010332"
"Narciso Crook",NA,"sa738300"
"Luis Mieses",NA,"sa3003274"
"Peyton Burdick",NA,"sa3009876"
"Wenceel Perez",NA,"sa3003326"
"Dilson Herrera",NA,"14335"
"DJ Peters",NA,"19348"
"Yasmany Tomás",NA,"17171"
"Patrick Frick",NA,"sa3009891"
"Jairo Pomares",NA,"sa3010023"
"Drew Mount",NA,"sa3006728"
"Willie MacIver",NA,"sa3007828"
"Ali Castillo",NA,"sa507143"
"Kramer Robertson",NA,"sa857820"
"Ryan Noda",NA,"sa873960"
"Andy Yerzy",NA,"sa917939"
"Ronnie Dawson",NA,"19710"
"James Outman",NA,"sa3007312"
"Jancarlos Cintron",NA,"sa3004065"
"Laz Rivera",NA,"sa3004128"
"Michael Perez",NA,"12977"
"Miguel Hernandez",NA,"sa917055"
"Jonathan Davis",NA,"15104"
"Phillip Ervin",NA,"14738"
"Robinson Chirinos",NA,"3142"
"Carson Taylor",NA,"sa3014468"
"Seth Mejias-Brean",NA,"13905"
"Rafael Bautista",NA,"15769"
"Andy Burns",NA,"12779"
"Tyler Heineman",NA,"13897"
"Kyle Holder",NA,"sa857840"
"Yolmer Sánchez",NA,"11602"
"Will Craig",NA,"19267"
"Matt Joyce",NA,"3353"
"Cheslor Cuthbert",NA,"10473"
"Jack Larsen",NA,"sa3004840"
"Lorenzo Quintana",NA,"sa3005394"
"Eduardo Núñez",NA,"6848"
"Gunnar Henderson",NA,"sa3011484"
"Jacob Amaya",NA,"sa3005081"
"Mason McCoy",NA,"sa3002758"
"Jacob Wilson",NA,"13254"
"Luis Liberato",NA,"sa737020"
"Juan Centeno",NA,"7168"
"Dillon Dingler",NA,"sa3014528"
"Raudy Read",NA,"15766"
"P.J. Higgins",NA,"18433"
"José Martínez",NA,"7996"
"Jonathan Lucroy",NA,"7870"
"Matt Adams",NA,"9393"
"Brandon Drury",NA,"11615"
"Richie Martin",NA,"17736"
"Ali Sánchez",NA,"18551"
"Chris Gittens",NA,"18482"
"Trey Cabbage",NA,"sa875022"
"Donny Sands",NA,"sa875201"
"Drew Millas",NA,"sa3014475"
"Greg Jones",NA,"sa3010151"
"Chavez Young",NA,"sa918963"
"Jeisson Rosario",NA,"sa3004146"
"Ryan Lavarnway",NA,"8879"
"Gage Workman",NA,"sa3014441"
"Jeferson Morales",NA,"sa3005472"
"Trayce Thompson",NA,"9952"
"Phillip Evans",NA,"12950"
"Elijah Dunham",NA,"sa3014827"
"Jecksson Flores",NA,"sa597007"
"Dawel Lugo",NA,"14713"
"Greg Bird",NA,"14131"
"Ka'ai Tom",NA,"18136"
"Griffin Conine",NA,"sa876060"
"Matt Reynolds",NA,"13788"
"Will Benson",NA,"sa917927"
"José Pirela",NA,"5485"
"Wagner Lagrange",NA,"sa875875"
"Sam Travis",NA,"16263"
"Tres Barrera",NA,"19977"
"Omar Estévez",NA,"sa914242"
"José Rondón",NA,"14140"
"Nick Martini",NA,"12005"
"Garrett Stubbs",NA,"18067"
"Blake Rutherford",NA,"sa917932"
"Jimmy Kerrigan",NA,"sa3005235"
"José Godoy",NA,"15808"
"Rusney Castillo",NA,"17016"
"Wynton Bernard",NA,"sa658999"
"Xavier Fernández",NA,"sa737922"
"Agustin Ruiz",NA,"sa3004149"
"Josh Stowers",NA,"sa3007010"
"John Hicks",NA,"12547"
"Patrick Mazeika",NA,"18142"
"Ben DeLuzio",NA,"sa737626"
"Luke Berryhill",NA,"sa3011587"
"J.D. Orr",NA,"sa3009875"
"Nick Williams",NA,"14330"
"Drew Maggi",NA,"sa549144"
"Armani Smith",NA,"sa918911"
"Víctor Víctor Mesa",NA,"sa3008602"
"René Pinto",NA,"sa826668"
"Jhailyn Ortiz",NA,"sa920180"
"Miguel Aparicio",NA,"sa917275"
"Mark Contreras",NA,"sa3004164"
"Alberto Rodriguez",NA,"sa3005603"
"Joe McCarthy",NA,"18399"
"Jose Herrera",NA,"sa830295"
"Jake Rogers",NA,"19452"
"Erik González",NA,"13369"
"Michael Gettys",NA,"sa828692"
"José Devers",NA,"20540"
"Travis Blankenhorn",NA,"18395"
"Delvin Zinn",NA,"sa875884"
"Tanner Morris",NA,"sa3009873"
"Jake Hager",NA,"12198"
"Korry Howell",NA,"sa3008238"
"Billy McKinney",NA,"15654"
"César Puello",NA,"7216"
"Kameron Misner",NA,"sa3011656"
"Wyatt Mathisen",NA,"14555"
"Alex Isola",NA,"sa1170516"
"Josh Breaux",NA,"sa3008051"
"Ben Rortvedt",NA,"20287"
"Stephen Wrenn",NA,"sa738419"
"Johan Mieses",NA,"sa747574"
"Aaron Whitefield",NA,"19938"
"Tzu-Wei Lin",NA,"14678"
"Gilbert Lara",NA,"sa877337"
"Yadiel Rivera",NA,"11863"
"Drew Ferguson",NA,"sa875766"
"Vinny Capra",NA,"sa3006731"
"Michael Helman",NA,"sa3008280"
"Andruw Monasterio",NA,"sa830359"
"Eric De La Rosa",NA,"sa3006911"
"David Fry",NA,"sa3006787"
"Domingo Santana",NA,"10348"
"Mickey McDonald",NA,"sa3004173"
"Andrew Navigato",NA,"sa3010703"
"Andrew Knapp",NA,"14942"
"Derek Fisher",NA,"16192"
"Hunter Feduccia",NA,"sa3007872"
"Iván Herrera",NA,"sa3003191"
"Mike Tauchman",NA,"15274"
"TJ Hopkins",NA,"sa1053018"
"Ivan Johnson",NA,"sa1169627"
"Yasel Antuna",NA,"sa962601"
"Jake Suddleson",NA,"sa3014828"
"Evan Mendoza",NA,"sa3002836"
"Ryan Goins",NA,"9807"
"Carlos Cortes",NA,"sa3008079"
"Cade Marlowe",NA,"sa1170288"
"Carlos Rincon",NA,"sa917319"
"Brian O'Keefe",NA,"sa829152"
"Elliot Soto",NA,"11155"
"Marco Luciano",NA,"sa3010022"
"Taylor Motter",NA,"12399"
"Kevin Kramer",NA,"17689"
"Cristian Perez",NA,"sa917025"
"Rubén Tejada",NA,"5519"
"Quincy McAfee",NA,"sa1159899"
"Chance Sisco",NA,"15694"
"Michael Siani",NA,"sa3008182"
"Deivy Grullón",NA,"15988"
"Webster Rivas",NA,"14636"
"Nick Longhi",NA,"sa738434"
"Emilio Bonifácio",NA,"4054"
"Allan Cerda",NA,"sa3005504"
"Hunter Owen",NA,"20034"
"Juan Graterol",NA,"5398"
"Jesus Bastidas",NA,"sa916969"
"Simon Whiteman",NA,"sa1169809"
"Kelvin Melean",NA,"sa917141"
"Carlos Tocci",NA,"14558"
"Shin-Soo Choo",NA,"3174"
"Kevin Vicuña",NA,"sa872466"
"Bubba Starling",NA,"13356"
"Joey Rickard",NA,"13277"
"Micah Pries",NA,"sa3014830"
"Humberto Arteaga",NA,"13595"
"Neil Walker",NA,"7539"
"JT Riddle",NA,"17642"
"Aramis Garcia",NA,"16925"
"Nick Banks",NA,"sa873982"
"Ryan Dorow",NA,"23559"
"Alex De Goti",NA,"19477"
"Jeremy Rivera",NA,"sa829240"
"Daniel Schneemann",NA,"sa3006936"
"Luis Aviles Jr.",NA,"sa738445"
"Luis García",NA,"sa3007295"
"Sandy León",NA,"5273"
"Sandy León",NA,"5273"
"Ryan Boldt",NA,"sa738262"
"Daniel Johnson",NA,"19643"
"Daniel Johnson",NA,"19643"
"Alexander Canario",NA,"sa3003316"
"Chadwick Tromp",NA,"16953"
"Ben Ruta",NA,"sa918694"
"Francisco Peña",NA,"8298"
"Elier Hernandez",NA,"sa659238"
"Matt Kemp",NA,"5631"
"Nicky Delmonico",NA,"13157"
"René Rivera",NA,"3648"
"Bruce Maxwell",NA,"13866"
"José Osuna",NA,"12937"
"Robbie Podorsky",NA,"sa3004066"
"Robel García",NA,"13167"
"Zavier Warren",NA,"sa3014549"
"J.P. Martinez",NA,"sa3005607"
"Rudy Martin",NA,"sa829374"
"Ricardo Genovés",NA,"sa916844"
"Scott Manea",NA,"sa829837"
"Logan Warmoth",NA,"sa3004813"
"Kevin Padlo",NA,"16593"
"Jameson Fisher",NA,"sa658576"
"Ernie De La Trinidad",NA,"sa3003955"
"Daniel Pinero",NA,"sa738204"
"Justin Williams",NA,"15490"
"Leonel Valera",NA,"sa917320"
"Eduardo Torrealba",NA,"sa917095"
"Dalton Guthrie",NA,"sa829836"
"Payton Henry",NA,"22164"
"Dominic Miroglio",NA,"sa739013"
"Max Moroff",NA,"14556"
"Victor Nova",NA,"sa3006075"
"Taylor Davis",NA,"12782"
"Jhonny Pereda",NA,"sa735866"
"Travis Jones",NA,"sa829805"
"Leonardo Rivas",NA,"sa872542"
"José Briceño",NA,"13151"
"Zach Vincej",NA,"13269"
"Jack Reinheimer",NA,"14938"
"Jake Guenther",NA,"sa3011263"
"Tyler Fitzgerald",NA,"sa3011257"
"Ford Proctor",NA,"sa876187"
"Devin Foyle",NA,"sa3007515"
"Justin Dirden",NA,"sa3014986"
"Livan Soto",NA,"sa3004264"
"Tyler Austin",NA,"11850"
"Joseph Ortiz",NA,"sa3009889"
"Bryce Windham",NA,"sa3010403"
"Erik Kratz",NA,"4403"
"Josh Stephen",NA,"sa918203"
"Brendt Citta",NA,"sa3007633"
"Jesus Lujano",NA,"sa917197"
"Seby Zavala",NA,"18887"
"Clayton Daniel",NA,"sa3007646"
"Jerar Encarnación",NA,"sa943817"
"Tristen Lutz",NA,"sa3004968"
"Logan Forsythe",NA,"7185"
"Garrett Whitley",NA,"sa874244"
"Nick Heath",NA,"19577"
"Quin Cotton",NA,"sa3009872"
"Edwin Encarnación",NA,"2151"
"Arquímedes Gamboa",NA,"sa877497"
"Alika Williams",NA,"sa3014427"
"Tyler Neslony",NA,"sa918131"
"Ryon Healy",NA,"15447"
"Cornelius Randolph",NA,"sa874241"
"JaCoby Jones",NA,"14818"
"Dwight Smith Jr.",NA,"13473"
"D.J. Artis",NA,"sa3007632"
"Ryan Cordell",NA,"15181"
"Stevie Wilkerson",NA,"16041"
"Greg Deichmann",NA,"19872"
"Shayne Fontana",NA,"sa3010897"
"Luis Vazquez",NA,"sa3005131"
"Anthony Bemboom",NA,"13854"
"Miguel Amaya",NA,"sa917354"
"Mickey Gasper",NA,"sa3007747"
"Blaze Alexander",NA,"sa3007742"
"Sherten Apostel",NA,"21794"
"Braxton Lee",NA,"16839"
"Mike Ford",NA,"15585"
"Zach Remillard",NA,"sa659077"
"Meibrys Viloria",NA,"17109"
"Buddy Reed",NA,"sa738683"
"Juan Fernandez",NA,"sa917824"
"Gage Canning",NA,"sa3006711"
"Cory Spangenberg",NA,"12294"
"Zack Zehner",NA,"sa829122"
"Francisco Cervelli",NA,"5275"
"Pablo Sandoval",NA,"5409"
"Preston Tucker",NA,"13633"
"Adam Jones",NA,"6368"
"Alen Hanson",NA,"12926"
"John Andreoli",NA,"13012"
"Corey Ray",NA,"19170"
"Chuckie Robinson",NA,"sa918471"
"Davis Wendzel",NA,"sa3011890"
"Chris Sharpe",NA,"sa3004726"
"Jack Kruger",NA,"19634"
"Chad De La Guerra",NA,"sa875729"
"Sean Kazmar Jr.",NA,"7349"
"Adeiny Hechavarría",NA,"10459"
"Casey Golden",NA,"sa873997"
"Tony Wolters",NA,"11470"
"Bryant Packard",NA,"sa3010590"
"Anderson Tejeda",NA,"19909"
"Blake Sabol",NA,"sa3010269"
"Anderson Miller",NA,"sa857824"
"Brady Policelli",NA,"sa918279"
"Greyson Jenista",NA,"sa3007044"
"Marcus Wilson",NA,"sa828703"
"Tate Matheny",NA,"sa658567"
"Sam Haggerty",NA,"18054"
"Austin Wynns",NA,"15271"
"Greg Garcia",NA,"10951"
"Will Wilson",NA,"sa3009871"
"Deven Marrero",NA,"13325"
"Zach Green",NA,"14973"
"Yusniel Diaz",NA,"sa912848"
"Armond Upshaw",NA,"sa918220"
"Ryan Casteel",NA,"sa549286"
"Antoine Duplantis",NA,"sa3011224"
"David García",NA,"sa3003197"
"Sebastian Rivero",NA,"21735"
"Troy Stokes Jr.",NA,"17478"
"Kevin Merrell",NA,"sa915707"
"Brennon Lund",NA,"sa857730"
"Pedro Florimón",NA,"8385"
"Zack Short",NA,"19562"
"Josh Phegley",NA,"9308"
"Angelo Castellano",NA,"sa657521"
"Drew Jackson",NA,"17807"
"Bo Naylor",NA,"sa3008247"
"Kevan Smith",NA,"12284"
"Cadyn Grenier",NA,"sa3008140"
"Ray-Patrick Didder",NA,"sa736824"
"Grae Kessinger",NA,"sa3010327"
"Luke Maile",NA,"13355"
"Sebastián Elizalde",NA,"sa544568"
"Justin Toerner",NA,"sa3006735"
"Luis Marté",NA,"14515"
"Tristan Gray",NA,"sa829756"
"Jake Gatewood",NA,"sa828685"
"Rayder Ascanio",NA,"sa735861"
"Logan Porter",NA,"sa3007750"
"Pete Kozma",NA,"2539"
"Max Burt",NA,"sa3007631"
"Michael Curry",NA,"sa3006653"
"Kevin Cron",NA,"16211"
"Luke Waddell",NA,"sa3017075"
"Jose Lobaton",NA,"4243"
"Cameron Maybin",NA,"5223"
"Derek Dietrich",NA,"10542"
"Chad Spanberger",NA,"sa3004242"
"Chris Herrmann",NA,"9284"
"Michael Guldberg",NA,"sa3014822"
"Matt Wallner",NA,"sa918808"
"Cesar Salazar",NA,"sa3008107"
"Alex Destino",NA,"sa3004031"
"Nick Raposo",NA,"sa3015018"
"Niko Hulsizer",NA,"sa3007053"
"David Rodríguez",NA,"sa735825"
"Chris Chinea",NA,"sa827344"
"Kole Cottam",NA,"sa3006780"
"Blake Perkins",NA,"sa874806"
"Craig Dedelow",NA,"sa918840"
"Dylan Rosa",NA,"sa3004285"
"Peter Maris",NA,"sa877608"
"Je'Von Ward",NA,"sa3004969"
"Joel Booker",NA,"sa918497"
"Davis Bradshaw",NA,"sa3007031"
"Torii Hunter Jr.",NA,"sa738667"
"Bryan Holaday",NA,"11287"
"Patrick Bailey",NA,"sa3014442"
"Camden Duzenack",NA,"sa873988"
"Casey Martin",NA,"sa3014524"
"Taylor Gushue",NA,"16098"
"Bryan Arias",NA,"sa3011265"
"Seuly Matias",NA,"sa917039"
"Francisco Arcia",NA,"10286"
"Welington Castillo",NA,"3256"
"Jonathan Engelmann",NA,"sa3006858"
"Gavin Collins",NA,"sa857219"
"Carter Bins",NA,"sa1115884"
"Leobaldo Cabrera",NA,"sa872551"
"Brady Lindsly",NA,"sa3014942"
"Matt Gorski",NA,"sa3010399"
"Dustin Garneau",NA,"9433"
"Errol Robinson",NA,"sa857819"
"Ryan Howard",NA,"sa857225"
"Eli Wilson",NA,"sa918961"
"Nick Ciuffo",NA,"16291"
"Ramon Rodriguez",NA,"sa918698"
"Vito Friscia",NA,"sa3010712"
"Tyler Gentry",NA,"sa3014485"
"Quinn Brodey",NA,"sa829783"
"Dylan Cozens",NA,"15115"
"Josue Huma",NA,"sa3003379"
"Jorge Oña",NA,"20040"
"Carl Chester",NA,"sa829813"
"Trent Giambrone",NA,"19250"
"Heath Quinn",NA,"sa737904"
"Joe Dunand",NA,"sa3005360"
"Andy Weber",NA,"sa3008282"
"Mike Freeman",NA,"11241"
"Dom Thompson-Williams",NA,"sa829483"
"Rodolfo Durán",NA,"sa877500"
"Nick Meyer",NA,"sa3007826"
"Drew Lugbauer",NA,"sa829268"
"Nick Dalesandro",NA,"sa3007503"
"Renae Martinez",NA,"sa3004255"
"Cesar Izturis Jr.",NA,"sa3002847"
"Franklin Labour",NA,"sa916848"
"Marcos Gonzalez",NA,"sa3003311"
"Tyler Payne",NA,"21139"
"Ryan Gold",NA,"sa918639"
"Vince Fernandez",NA,"sa873990"
"C.J. Stubbs",NA,"sa3010328"
"Michael Papierski",NA,"sa829203"
"Matt Whatley",NA,"sa915868"
"Eric Stamets",NA,"13795"
"Justin Twine",NA,"sa828686"
"Jackson Cluff",NA,"sa3010342"
"Jair Camargo",NA,"sa917333"
"Michael Cruz",NA,"sa918049"
"Logan Davidson",NA,"sa918676"
"Chad Wallach",NA,"17161"
"Mark Kolozsvary",NA,"sa3004996"
"Brett Cumberland",NA,"sa915611"
"Nick Plummer",NA,"sa874684"
"Matt Pita",NA,"sa3008146"
"Tyler Saladino",NA,"10807"
"Dwanya Williams-Sutton",NA,"sa875819"
"Matt Lloyd",NA,"sa1169978"
"Andrew Susac",NA,"13132"
"Erick Castillo",NA,"12990"
"Jakson Reetz",NA,"17837"
"Mikey White",NA,"sa658966"
"Justin Bour",NA,"9744"
"Brandon Martorano",NA,"sa918686"
"Matt Winaker",NA,"sa3004506"
"Fabian Pena",NA,"sa3007303"
"Ty Kelly",NA,"7740"
"Luis Curbelo",NA,"sa918086"
"Matt Szczur",NA,"11255"
"Mike Gerber",NA,"16115"
"Aaron Palensky",NA,"sa3015077"
"Roberto Peña",NA,"sa548359"
"Demetrius Sims",NA,"sa3004390"
"Chris Rabago",NA,"sa829062"
"Wander Javier",NA,"sa917168"
"Rocky Gale",NA,"10533"
"Jett Bandy",NA,"12508"
"Jeremy Eierman",NA,"sa3007005"
"Beau Taylor",NA,"12384"
"Chris Okey",NA,"sa738505"
"Brian Navarreto",NA,"16398"
"Julian Escobedo",NA,"sa3010030"
"Drew Robinson",NA,"11761"
"Chase Murray",NA,"sa1115500"
"Logan Driscoll",NA,"sa3009882"
"Jacob Heyward",NA,"sa738955"
"Tim Federowicz",NA,"8609"
"Stevie Berman",NA,"sa873599"
"Gavin Stupienski",NA,"sa913367"
"Chase Pinder",NA,"sa3003961"
"Cam Devanney",NA,"sa1170010"
"Jeren Kendall",NA,"sa829529"
"Hayden Senger",NA,"sa3007009"
"J.D. Osborne",NA,"sa3005053"
"Edwin Díaz",NA,"sa738152"
"Rodrigo Vigil",NA,"sa547818"
"Mitch Roman",NA,"sa918259"
"Wil Dalton",NA,"sa3010273"
"Clint Coulter",NA,"sa657922"
"Anthony Mulrine",NA,"sa1170373"
"Bradlee Beesley",NA,"sa3015097"
"Alex Avila",NA,"7476"
"Jonathan Morales",NA,"sa875808"
"Jay Schuyler",NA,"sa3006662"
"Frederick Cuevas",NA,"sa872550"
"JJ Muno",NA,"sa3004176"
"Grayson Greiner",NA,"17062"
"Luis Trevino",NA,"sa3009893"
"Blake Hunt",NA,"sa3004153"
"Blake Swihart",NA,"13176"
"Caleb Joseph",NA,"7087"
"Cody Roberts",NA,"sa3007869"
"Chris Bec",NA,"sa3006727"
"Yeison Coca",NA,"sa917075"
"Martin Cervenka",NA,"sa492636"
"Kellin Deglan",NA,"sa548189"
"Daniel Descalso",NA,"8392"
"Scott Schebler",NA,"12225"
"Drew Butera",NA,"3411"
"Alex Blandino",NA,"16271"
"Reggie Pruitt",NA,"sa875404"
"Scott Hurst",NA,"20501"
"Freudis Nova",NA,"sa3003195"
"Tristan Pompey",NA,"sa3008077"
"Keon Broxton",NA,"9253"
"Connor Kaiser",NA,"sa3007823"
"Jonah Davis",NA,"sa3007501"
"Jason Lopez",NA,"sa872552"
"Erik Ostberg",NA,"sa3004505"
"Connor Justus",NA,"sa873634"
"Christian Kelley",NA,"sa875583"
"Yeltsin Encarnacion",NA,"sa875336"
"Cody Bohanek",NA,"sa3004157"
"Jon Rosoff",NA,"sa3007635"
"Jake Anchia",NA,"sa3006674"
"Max McDowell",NA,"sa875626"
"Aldrich De Jongh",NA,"sa3007974"
"Austin Beck",NA,"sa3004055"
"Scott Burcham",NA,"sa875782"
"John Ryan Murphy",NA,"10346"
"Brent Diaz",NA,"sa3004297"
"Alex Dunlap",NA,"sa3004878"
"Grant Koch",NA,"sa3008180"
"Ethan Paul",NA,"sa3011423"
"Terrance Gore",NA,"13658"
"Mike Rivera",NA,"sa829667"
"Edgar Cabral",NA,"sa738507"
"Devin Hairston",NA,"sa915575"
"Jake Hoover",NA,"sa3010280"
"Caleb Hamilton",NA,"sa738961"
"Matt Scheffler",NA,"sa3014832"
"Jason Delay",NA,"sa857222"
"Eric Yang",NA,"sa1169769"
"Gunnar Troutwine",NA,"sa3006785"
"Joseph Odom",NA,"15535"
"Elvis Peralta",NA,"sa1170420"
"Cody Grosse",NA,"sa3010052"
"Marty Bechina",NA,"sa1053075"
"Anthony Seigler",NA,"sa3006894"
"Ricardo Cubillan",NA,"sa917089"
"Kekai Rios",NA,"sa3007282"
"Wilmer Perez",NA,"sa3002634"
"Arden Pabst",NA,"sa858812"
"Jeff Mathis",NA,"3448"
"Lane Adams",NA,"10767"
"Joe Hudson",NA,"14412"
"Kwan Adkins",NA,"sa3007000"
"Hamlet Marte",NA,"sa597218"
"Aaron Antonini",NA,"sa3010906"
"Jagger Rusconi",NA,"sa875030"
"Maverick Handley",NA,"sa3010848"
"Michael Amditis",NA,"sa3010148"
"Jack Conley",NA,"sa3006857"
"DaShawn Keirsey",NA,"sa3007301"
"Chandler Seagle",NA,"sa3003969"
"Will Banfield",NA,"sa3007973"
"Kyle Schmidt",NA,"sa3010707"
"Zack Kone",NA,"sa3008293"
"Nic Gaddis",NA,"sa3009888"
"Christopher Proctor",NA,"sa3007062"
"Tim Susnara",NA,"sa829699"
"Logan Moore",NA,"sa598265"
"Kyle McCann",NA,"sa1159677"
"Galli Cribbs Jr.",NA,"sa708444"
"Evan Alexander",NA,"sa918444"
"Michael Cantu",NA,"sa829494"
"David Bañuelos",NA,"sa3004056"
"Chris Williams",NA,"sa3007028"
"Santiago Chávez",NA,"sa657706"
"Jose Colina",NA,"sa872875"
"LT Struble",NA,"sa3010910"
"Evan Skoug",NA,"sa829713"
"Collin Theroux",NA,"sa876102"
"Tevin Mitchell",NA,"sa3011157"
"José Berríos",NA,"14168"
"Edwin Díaz",NA,"14710"
"Julio Urías",NA,"14765"
"Carlos Rodón",NA,"16137"
"Will Smith (P)",NA,"8048"
"Will Smith (P)",NA,"8048"
"Will Smith (P)",NA,"8048"
"Will Smith (P)",NA,"8048"
"Pablo López",NA,"17085"
"Luis Garcia (P)",NA,"23735"
"Luis Garcia (P)",NA,"23735"
"Luis Garcia (P)",NA,"23735"
"Luis Garcia (P)",NA,"23735"
"Luis Garcia (P)",NA,"23735"
"Luis Garcia (P)",NA,"23735"
"Germán Márquez",NA,"15038"
"Ranger Suárez",NA,"17277"
"José Urquidy",NA,"18413"
"Nick Martínez",NA,"12730"
"Nestor Cortes",NA,"17874"
"Luis Patiño",NA,"22815"
"Jonathan Loáisiga",NA,"19753"
"Carlos Estévez",NA,"14542"
"Domingo Germán",NA,"17149"
"José Quintana",NA,"11423"
"Héctor Neris",NA,"11804"
"José Alvarado",NA,"17780"
"José Suarez",NA,"19911"
"Sixto Sánchez",NA,"19680"
"Emilio Pagán",NA,"14771"
"Carlos Hernández",NA,"22713"
"Génesis Cabrera",NA,"17490"
"Jesús Luzardo",NA,"19959"
"Yimi García",NA,"12095"
"Heath Hembree",NA,"11632"
"Alex Colomé",NA,"6661"
"Nick Sandlin",NA,"20517"
"Richard Bleier",NA,"7803"
"Joely Rodríguez",NA,"11487"
"Richard Rodríguez",NA,"13549"
"Jarlín García",NA,"18282"
"Miguel Castro",NA,"15684"
"Tim Hill",NA,"16814"
"Andrés Muñoz",NA,"20373"
"Martín Pérez",NA,"6902"
"Sam Coonrod",NA,"17264"
"Chris Martin",NA,"11847"
"Josh Taylor",NA,"17359"
"Caleb Ferguson",NA,"19349"
"Jay Jackson",NA,"7432"
"Brett Martin",NA,"17369"
"Austin Warren",NA,"24937"
"Mike Foltynewicz",NA,"10811"
"Tony Watson",NA,"3132"
"Ryan Thompson",NA,"16647"
"John King",NA,"22051"
"Steven Okert",NA,"13580"
"Carlos Martínez",NA,"11682"
"José Cisnero",NA,"6399"
"José Quijada",NA,"19200"
"Reynaldo López",NA,"16400"
"Anthony Misiewicz",NA,"18152"
"Daniel Norris",NA,"13475"
"Derek Holland",NA,"4141"
"Jorge López",NA,"14527"
"Will Harris",NA,"3192"
"Jeff Hoffman",NA,"17432"
"Manuel Rodríguez",NA,"20794"
"Sam Howard",NA,"16265"
"Joe Jiménez",NA,"15761"
"Darwinzon Hernandez",NA,"19848"
"Andrew Wantz",NA,"24933"
"Sean Doolittle",NA,"1581"
"Adam Cimber",NA,"15288"
"Seranthony Domínguez",NA,"19249"
"Chad Kuhl",NA,"14975"
"Zack Littell",NA,"15823"
"Ryan Brasier",NA,"5615"
"Drew Smith",NA,"17755"
"Nick Wittgren",NA,"15594"
"Jesse Chavez",NA,"5448"
"Austin Voth",NA,"15047"
"Jakob Junis",NA,"13619"
"Adam Morgan",NA,"12580"
"Jacob Webb",NA,"19274"
"Paul Fry",NA,"15832"
"Noé Ramirez",NA,"12800"
"Tyler Clippard",NA,"5640"
"Joe Mantiply",NA,"14857"
"Jeffrey Springs",NA,"17677"
"Hirokazu Sawamura",NA,"27515"
"Wandy Peralta",NA,"14295"
"Ryan Helsley",NA,"18138"
"Kyle Funkhouser",NA,"19456"
"Keegan Thompson",NA,"19795"
"José Leclerc",NA,"14524"
"Ryan Sherriff",NA,"12249"
"Bryan Shaw",NA,"8110"
"Hunter Strickland",NA,"7836"
"Jesse Hahn",NA,"13287"
"Rafael Dolis",NA,"4185"
"Greg Holland",NA,"7196"
"Danny Coulombe",NA,"13293"
"Louis Head",NA,"13259"
"Steven Brault",NA,"15291"
"Sergio Romo",NA,"9817"
"Anthony Banda",NA,"14706"
"Nick Mears",NA,"25376"
"José Ruiz",NA,"14552"
"Matt Strahm",NA,"13799"
"John Brebbia",NA,"12777"
"Rafael Montero",NA,"12760"
"Joe Smith",NA,"3281"
"José Ureña",NA,"11589"
"José Álvarez",NA,"5358"
"Zach Pop",NA,"20185"
"Domingo Tapia",NA,"12178"
"Cody Stashak",NA,"18088"
"Trevor Gott",NA,"15046"
"Trevor Cahill",NA,"6249"
"Mike Fiers",NA,"7754"
"Steve Cishek",NA,"6483"
"Wander Suero",NA,"15855"
"Sam Moll",NA,"14874"
"Sam Hentges",NA,"18548"
"Andrew Miller",NA,"6785"
"Nick Snyder",NA,"23493"
"Keone Kela",NA,"14696"
"Oliver Drake",NA,"8823"
"Kyle Zimmer",NA,"14169"
"Blake Taylor",NA,"16418"
"Kodi Whitley",NA,"19731"
"Duane Underwood Jr.",NA,"14677"
"T.J. McFarland",NA,"3237"
"Ryan Borucki",NA,"16350"
"Michael Rucker",NA,"19454"
"Justin Wilson",NA,"4301"
"Julio Teheran",NA,"6797"
"Joel Payamps",NA,"14332"
"Kyle McGowin",NA,"15071"
"Angel Perdomo",NA,"17759"
"Jaime Barría",NA,"18356"
"Blake Parker",NA,"5224"
"Chaz Roe",NA,"9866"
"Sean Newcomb",NA,"16943"
"Ross Detwiler",NA,"2859"
"Gabe Speier",NA,"17170"
"Sean Reid-Foley",NA,"17034"
"Matthew Liberatore",NA,"sa3008163"
"Dean Kremer",NA,"19350"
"Tobias Myers",NA,"sa918088"
"Pedro Báez",NA,"5420"
"Tommy Nance",NA,"19178"
"Oliver Pérez",NA,"1514"
"Ralph Garza Jr.",NA,"17682"
"Austin Davis",NA,"17117"
"Cionel Pérez",NA,"19614"
"Dauri Moreta",NA,"21101"
"J.C. Mejía",NA,"20617"
"Shane Greene",NA,"10756"
"Nick Nelson",NA,"20153"
"Justin Bruihl",NA,"23779"
"Juan Minaya",NA,"10341"
"Jandel Gustave",NA,"14665"
"Dellin Betances",NA,"6216"
"Jonathan Hernández",NA,"17464"
"Tommy Hunter",NA,"1157"
"Sean Poppen",NA,"19583"
"Evan Phillips",NA,"17734"
"Matt Shoemaker",NA,"4776"
"Junior Fernández",NA,"18496"
"Dennis Santana",NA,"17878"
"Michael Feliz",NA,"11903"
"Jace Fry",NA,"16159"
"Miguel Del Pozo",NA,"18792"
"Jake Arrieta",NA,"4153"
"Victor González",NA,"16408"
"Jimmy Herget",NA,"17556"
"Jacob Barnes",NA,"12323"
"Jake Reed",NA,"16209"
"Matt Foster",NA,"19647"
"Dylan Lee",NA,"19996"
"Trey Wingenter",NA,"17793"
"Hoby Milner",NA,"13346"
"Jimmy Lambert",NA,"19541"
"Trent Thornton",NA,"17948"
"Anthony Castro",NA,"19789"
"Tyler Kinley",NA,"18297"
"Brad Brach",NA,"6627"
"Javy Guerra",NA,"17292"
"Cole Hamels",NA,"4972"
"Jhoan Duran",NA,"sa873347"
"Anthony Gose",NA,"5097"
"Paul Blackburn",NA,"14739"
"Chasen Shreve",NA,"10855"
"Matt Harvey",NA,"11713"
"Ryan Burr",NA,"17536"
"Nick Mikolajchak",NA,"sa3010303"
"Dillon Maples",NA,"14672"
"Kyle Bradish",NA,"sa3008605"
"Joey Krehbiel",NA,"13707"
"Brandon Workman",NA,"11428"
"Taylor Clarke",NA,"17611"
"Ben Leeper",NA,"sa3014907"
"Ryne Harper",NA,"12680"
"Kent Emanuel",NA,"15849"
"Dan Winkler",NA,"12237"
"Grant Holmes",NA,"sa828669"
"Matt Moore",NA,"1890"
"Fernando Abad",NA,"4994"
"Kutter Crawford",NA,"20531"
"Josh Tomlin",NA,"9388"
"Jhoulys Chacín",NA,"2608"
"Brandon Kintzler",NA,"9939"
"Albert Abreu",NA,"17485"
"Chase Anderson",NA,"6895"
"Wade LeBlanc",NA,"5221"
"Kyle Tyler",NA,"22092"
"Alex Faedo",NA,"sa829855"
"Ethan Roberts",NA,"sa3008132"
"Alexander Wells",NA,"19845"
"Andres Machado",NA,"14681"
"Tyler Zuber",NA,"20379"
"Nick Anderson",NA,"18337"
"Andre Jackson",NA,"21298"
"Ryan Hendrix",NA,"19535"
"Paul Campbell",NA,"22248"
"Nabil Crismatt",NA,"17732"
"Max Kranick",NA,"22175"
"Scott Kazmir",NA,"4897"
"David Phelps",NA,"6316"
"Blake Cederlind",NA,"20344"
"Ian Krol",NA,"10066"
"Jordan Yamamoto",NA,"17585"
"Packy Naughton",NA,"23292"
"Jordan Holloway",NA,"20631"
"Yohan Ramirez",NA,"19444"
"Justin Anderson",NA,"16201"
"AJ Ramos",NA,"8350"
"T.J. Zeuch",NA,"19269"
"Robert Gsellman",NA,"13696"
"Brendan McKay",NA,"20186"
"Ervin Santana",NA,"3200"
"Yency Almonte",NA,"15068"
"Miguel Sánchez",NA,"20074"
"Lucas Gilbreath",NA,"21290"
"Junior Guerra",NA,"5702"
"Mike Baumann",NA,"20206"
"Kyle Barraclough",NA,"13713"
"Adam Kolarek",NA,"10843"
"Caleb Baragar",NA,"19231"
"Darren O'Day",NA,"3321"
"Patrick Ruotolo",NA,"sa856262"
"Wyatt Mills",NA,"20010"
"Phillips Valdez",NA,"15605"
"Alex Claudio",NA,"12890"
"Tanner Roark",NA,"8753"
"Cristopher Sánchez",NA,"20778"
"Jhonathan Diaz",NA,"20298"
"Dany Jiménez",NA,"21170"
"Eric Hanhold",NA,"18332"
"Konnor Pilkington",NA,"sa3008371"
"Carl Edwards Jr.",NA,"13607"
"Sean Guenther",NA,"20045"
"Rex Brothers",NA,"9794"
"Bryan Abreu",NA,"16609"
"Sam Clay",NA,"16279"
"Bryan Garcia",NA,"19457"
"Nick Margevicius",NA,"20395"
"Garrett Cleavinger",NA,"17897"
"Sam Selman",NA,"13397"
"Nic Enright",NA,"sa3010299"
"Rony García",NA,"20430"
"Felix Bautista",NA,"sa737480"
"Héctor Santiago",NA,"4026"
"James Norwood",NA,"16440"
"Brock Burke",NA,"17968"
"Adam Oller",NA,"sa913099"
"Stephen Ridings",NA,"22358"
"Cam Bedrosian",NA,"13360"
"Jhon Romero",NA,"19940"
"Luke Barker",NA,"sa977837"
"Alexis Diaz",NA,"sa875576"
"Steven Wilson",NA,"sa3006795"
"Adam Conley",NA,"14457"
"Luis Frías",NA,"21997"
"Nick Neidert",NA,"18699"
"Jonathan Holder",NA,"16588"
"Matt Peacock",NA,"20339"
"Buck Farmer",NA,"14814"
"Justin Topa",NA,"15145"
"Keynan Middleton",NA,"15264"
"Seth Romero",NA,"21333"
"Erasmo Ramírez",NA,"10314"
"Devin Smeltzer",NA,"19487"
"Freddy Pacheco",NA,"sa3006164"
"Gregory Santos",NA,"21894"
"Aaron Sanchez",NA,"11490"
"Darien Núñez",NA,"21197"
"Kirby Snead",NA,"19179"
"Ryan Weiss",NA,"sa3007778"
"Nick Vincent",NA,"7555"
"Isaac Mattson",NA,"20385"
"Phoenix Sanders",NA,"sa3004098"
"Blake Weiman",NA,"sa3004211"
"Ryne Nelson",NA,"sa3011524"
"Cody Poteet",NA,"18769"
"Justin Lawrence",NA,"17639"
"Jake Walsh",NA,"sa3004457"
"Zack Burdi",NA,"19159"
"Charlie Barnes",NA,"19865"
"Zach Logue",NA,"sa915822"
"Josh Rogers",NA,"18510"
"Kaleb Ort",NA,"20061"
"Matt Bush",NA,"1246"
"Ben Bowden",NA,"20198"
"Angel Zerpa",NA,"22717"
"Joey Wentz",NA,"sa917946"
"Tayler Saucedo",NA,"17888"
"Alec Bettinger",NA,"20312"
"Jason Foley",NA,"19531"
"Eric Orze",NA,"sa3014793"
"Ryan Mason",NA,"sa856254"
"Ryan Rolison",NA,"sa3008244"
"Yennier Cano",NA,"sa3011688"
"Arodys Vizcaíno",NA,"5498"
"Yennsy Díaz",NA,"20218"
"Cody Ponce",NA,"17920"
"Anthony Kay",NA,"20387"
"Angel De Jesus",NA,"sa921876"
"Miguel Romero",NA,"sa3003109"
"Hunter Stratton",NA,"sa3004216"
"Luis Avilán",NA,"2882"
"Wandisson Charles",NA,"sa874818"
"Aaron Fletcher",NA,"22052"
"Alberto Baldonado",NA,"11812"
"Ray Kerr",NA,"sa3005362"
"Oliver Ortega",NA,"21025"
"Jonathan Stiever",NA,"24584"
"Yoan López",NA,"17181"
"Taylor Cole",NA,"11964"
"Damon Jones",NA,"23310"
"Nick Tropeano",NA,"12385"
"Seth Martinez",NA,"21045"
"Scott Oberg",NA,"13911"
"Alan Rangel",NA,"sa877578"
"Angel Rondón",NA,"22036"
"Graham Spraker",NA,"sa3004024"
"Jordan Sheffield",NA,"19682"
"Jake Faria",NA,"13699"
"Antonio Santos",NA,"20383"
"Peter Lambert",NA,"17969"
"Cory Abbott",NA,"20277"
"Ronald Bolaños",NA,"20041"
"Víctor Arano",NA,"15915"
"Jace Vines",NA,"sa917985"
"Trevor Hildenberger",NA,"17002"
"Brooks Wilson",NA,"sa3006966"
"Eduard Bazardo",NA,"20997"
"Durbin Feltman",NA,"sa3007959"
"Cole Sands",NA,"sa3008611"
"Riley O'Brien",NA,"20348"
"Justin Garza",NA,"19784"
"Kyle Crick",NA,"13182"
"Dylan File",NA,"sa3004197"
"Enoli Paredes",NA,"20447"
"Julian Fernández",NA,"18341"
"Collin Snider",NA,"sa3004093"
"Daniel Duarte",NA,"sa877364"
"Logan Gillaspie",NA,"sa3008386"
"Kenta Maeda",NA,"18498"
"Shelby Miller",NA,"10197"
"Gabe Klobosits",NA,"19881"
"Bowden Francis",NA,"sa918451"
"Elvin Rodriguez",NA,"sa873437"
"Connor Seabold",NA,"19695"
"Graham Ashcraft",NA,"sa918274"
"Matt Bowman",NA,"13528"
"Janson Junk",NA,"23301"
"José Castillo",NA,"17169"
"Geoff Hartlieb",NA,"19558"
"Chi Chi González",NA,"14663"
"Gerardo Carrillo",NA,"sa3002790"
"JD Hammer",NA,"19548"
"Ryan Feltner",NA,"21446"
"Joe Navilhon",NA,"sa918459"
"Reiss Knehr",NA,"21541"
"Humberto Castellanos",NA,"21183"
"Enyel De Los Santos",NA,"18403"
"Mitchell Stumpo",NA,"sa3011585"
"Jake Bird",NA,"sa3008097"
"Bennett Sousa",NA,"sa913181"
"Robert Broom",NA,"sa3007235"
"Logan Shore",NA,"sa738442"
"Alexander Vizcaíno",NA,"sa920272"
"Drew Strotman",NA,"sa3004584"
"Sean Nolin",NA,"11341"
"Connor Overton",NA,"18376"
"Edgar Santana",NA,"17355"
"Bryan Baker",NA,"19804"
"Calvin Faucher",NA,"sa3004013"
"Devin Sweet",NA,"sa3008340"
"Joey Gerber",NA,"24591"
"Joey Lucchesi",NA,"19320"
"Parker Dunshee",NA,"sa873274"
"Edwin Uceta",NA,"20539"
"Scott Engler",NA,"sa918353"
"Drew Hutchison",NA,"10732"
"Luke Farrell",NA,"15101"
"Adrian Sampson",NA,"13339"
"Anderson Espinoza",NA,"sa872856"
"Connor Thomas",NA,"sa3010784"
"Tyler Ivey",NA,"20237"
"JoJo Romero",NA,"19574"
"Cole Gordon",NA,"sa3011216"
"Joel Peguero",NA,"sa917689"
"Kevin Ginkel",NA,"19876"
"Marcos Diplán",NA,"17583"
"Jose Marte",NA,"21761"
"Andrew Bellatti",NA,"10657"
"Cooper Criswell",NA,"24975"
"Brian Howard",NA,"sa918377"
"Kyle Nelson",NA,"20515"
"Jake Latz",NA,"21306"
"Kohei Arihara",NA,"27505"
"Daniel Castano",NA,"19805"
"Allan Winans",NA,"sa3007580"
"Thomas Burrows",NA,"sa874215"
"J.P. France",NA,"sa3008310"
"Humberto Mejía",NA,"20739"
"Andrew Albers",NA,"7853"
"Rio Gomez",NA,"sa3004676"
"Matt Frisbee",NA,"sa3006801"
"Brett de Geus",NA,"23592"
"Kyle Dohy",NA,"20334"
"Penn Murfee",NA,"sa3006775"
"Adonis Medina",NA,"19903"
"Ty Blach",NA,"14361"
"Forrest Whitley",NA,"sa917930"
"Kyle Ryan",NA,"11753"
"John Gant",NA,"13684"
"Scott Alexander",NA,"10591"
"Garrett Hill",NA,"sa3007259"
"Scott Moss",NA,"sa738902"
"Cayne Ueckert",NA,"sa3010789"
"Michel Baez",NA,"20100"
"Elvis Peguero",NA,"21652"
"Shaun Anderson",NA,"19453"
"Zach Jackson",NA,"sa874174"
"Nick Robertson",NA,"sa3011248"
"Colin Rea",NA,"12317"
"Travis Lakins Sr.",NA,"18600"
"Cam Vieaux",NA,"sa873657"
"Drew Carlton",NA,"19868"
"Anderson Severino",NA,"sa838671"
"Matt Swarmer",NA,"sa918458"
"Marcel Rentería",NA,"sa3005016"
"Argenis Angulo",NA,"sa829470"
"Jacques Pucheu",NA,"sa3010631"
"Tyler Johnson",NA,"sa915688"
"James McArthur",NA,"sa3007715"
"Thomas Szapucki",NA,"21065"
"Ashton Goudeau",NA,"15139"
"Beau Burrows",NA,"18873"
"Ricardo Pinto",NA,"16318"
"Johan Quezada",NA,"20643"
"Deivi García",NA,"20276"
"James Hoyt",NA,"14605"
"Andre Scrubb",NA,"20329"
"Gray Fenter",NA,"sa875233"
"Michael Byrne",NA,"sa3008227"
"Conner Greene",NA,"16455"
"Jesus Tinoco",NA,"16300"
"Cole Uvila",NA,"sa3006804"
"John Parke",NA,"sa3003988"
"Thomas Eshelman",NA,"18361"
"Nathan Webb",NA,"sa918814"
"Daniel Tillo",NA,"sa876284"
"Jared Solomon",NA,"sa3004589"
"Garrett Schilling",NA,"sa3004770"
"Yoan Aybar",NA,"sa829086"
